-- MySQL dump 10.13  Distrib 8.0.34, for Win64 (x86_64)
--
-- Host: 127.0.0.1    Database: registertopic
-- ------------------------------------------------------
-- Server version	8.2.0

/*!40101 SET @OLD_CHARACTER_SET_CLIENT=@@CHARACTER_SET_CLIENT */;
/*!40101 SET @OLD_CHARACTER_SET_RESULTS=@@CHARACTER_SET_RESULTS */;
/*!40101 SET @OLD_COLLATION_CONNECTION=@@COLLATION_CONNECTION */;
/*!50503 SET NAMES utf8 */;
/*!40103 SET @OLD_TIME_ZONE=@@TIME_ZONE */;
/*!40103 SET TIME_ZONE='+00:00' */;
/*!40014 SET @OLD_UNIQUE_CHECKS=@@UNIQUE_CHECKS, UNIQUE_CHECKS=0 */;
/*!40014 SET @OLD_FOREIGN_KEY_CHECKS=@@FOREIGN_KEY_CHECKS, FOREIGN_KEY_CHECKS=0 */;
/*!40101 SET @OLD_SQL_MODE=@@SQL_MODE, SQL_MODE='NO_AUTO_VALUE_ON_ZERO' */;
/*!40111 SET @OLD_SQL_NOTES=@@SQL_NOTES, SQL_NOTES=0 */;

--
-- Dumping data for table `authority`

USE registertopic;

LOCK TABLES `authority` WRITE;
/*!40000 ALTER TABLE `authority` DISABLE KEYS */;
INSERT INTO `authority` VALUES ('ROLE_ADMIN'),('ROLE_GUEST'),('ROLE_HEAD'),('ROLE_LECTURER'),('ROLE_STUDENT');
/*!40000 ALTER TABLE `authority` ENABLE KEYS */;
UNLOCK TABLES;

--
-- Dumping data for table `comment`
--

LOCK TABLES `comment` WRITE;
/*!40000 ALTER TABLE `comment` DISABLE KEYS */;
INSERT INTO `comment` VALUES (24,'Hello','2023-12-14 03:02:25','20110753',1),(25,'Chào','2023-12-14 03:10:13','20110753',1),(26,'mjsfsf','2023-12-14 03:12:07','20110753',1),(27,'Heloo Thùy Trang','2023-12-14 03:21:57','20110753',1),(28,'Hoàn thành task 1','2023-12-21 15:20:17','GV001',1),(29,'Cập nhật task ','2023-12-21 17:30:10','GV003',4);
/*!40000 ALTER TABLE `comment` ENABLE KEYS */;
UNLOCK TABLES;

--
-- Dumping data for table `file`
--

LOCK TABLES `file` WRITE;
/*!40000 ALTER TABLE `file` DISABLE KEYS */;
INSERT INTO `file` VALUES (14,24,1,'z4915000250434_97626c1a6a6d1c14a15c76a4c82153fd.jpg','http://localhost:8080/api/student/comment/fileUpload/z4915000250434_97626c1a6a6d1c14a15c76a4c82153fd.jpg'),(15,27,1,'z4955681805854_67e2ebbcecfd350af017b65991fbfe95.jpg','http://localhost:8080/api/student/comment/fileUpload/z4955681805854_67e2ebbcecfd350af017b65991fbfe95.jpg');
/*!40000 ALTER TABLE `file` ENABLE KEYS */;
UNLOCK TABLES;

--
-- Dumping data for table `lecturer`
--

LOCK TABLES `lecturer` WRITE;
/*!40000 ALTER TABLE `lecturer` DISABLE KEYS */;
INSERT INTO `lecturer` VALUES ('0024','CongNghePhanMem','ROLE_LECTURER'),('0133','CongNghePhanMem','ROLE_LECTURER'),('0309','HeThongThongTin','ROLE_LECTURER'),('0562','CongNghePhanMem','ROLE_LECTURER'),('1','KyThuatDuLieu','ROLE_LECTURER'),('132','CongNghePhanMem','ROLE_LECTURER'),('1352','HeThongThongTin','ROLE_LECTURER'),('2149','HeThongThongTin','ROLE_LECTURER'),('2150','CongNghePhanMem','ROLE_LECTURER'),('3952','CongNghePhanMem','ROLE_HEAD'),('3995','HeThongThongTin','ROLE_LECTURER'),('5030','CongNghePhanMem','ROLE_LECTURER'),('6078','CongNghePhanMem','ROLE_LECTURER'),('6252','HeThongThongTin','ROLE_LECTURER'),('9513','CongNghePhanMem','ROLE_LECTURER'),('9732','CongNghePhanMem','ROLE_LECTURER'),('GV001','CongNghePhanMem','ROLE_LECTURER'),('GV002','AnToanThongTin','ROLE_HEAD'),('GV003','CongNghePhanMem','ROLE_HEAD'),('GV006','CongNghePhanMem','ROLE_LECTURER'),('GV007','AnToanThongTin','ROLE_HEAD'),('linhle','CongNghePhanMem','ROLE_LECTURER');
/*!40000 ALTER TABLE `lecturer` ENABLE KEYS */;
UNLOCK TABLES;

--
-- Dumping data for table `notification`
--

LOCK TABLES `notification` WRITE;
/*!40000 ALTER TABLE `notification` DISABLE KEYS */;
/*!40000 ALTER TABLE `notification` ENABLE KEYS */;
UNLOCK TABLES;

--
-- Dumping data for table `person`
--

LOCK TABLES `person` WRITE;
/*!40000 ALTER TABLE `person` DISABLE KEYS */;
INSERT INTO `person` VALUES ('0024',NULL,'12/12/1990',NULL,'Mai Tuấn  ',_binary '\0',NULL,'Khôi',NULL,'0358442521',NULL,_binary '','khoimt@hcmute.edu.vn','ROLE_LECTURER'),('0133',NULL,'12/12/1990',NULL,'Lê Văn ',_binary '\0',NULL,'Vinh',NULL,'0358442521',NULL,_binary '','vinhlv@hcmute.edu.vn','ROLE_LECTURER'),('0309',NULL,'12/12/1990',NULL,'Quách Đình',_binary '\0',NULL,'Hoàng',NULL,'0358442111',NULL,_binary '','hoangqd@hcmute.edu.vn','ROLE_LECTURER'),('0562',NULL,'12/12/1990',NULL,'Trương Thị Ngọc ',_binary '',NULL,'Phượng',NULL,'0358442521',NULL,_binary '','phuongttn@hcmute.edu.vn','ROLE_LECTURER'),('1',NULL,'03/10/1998',NULL,'tsdahbfhsdgf',_binary '\0',NULL,'auksfhuasf',NULL,'0352458999',NULL,_binary '\0','amhgdjEWFUD','ROLE_LECTURER'),('132',NULL,'12/12/1990',NULL,'Lê Vĩnh',_binary '\0',NULL,'Thịnh',NULL,'0358442521',NULL,_binary '','thinhlv@hcmute.edu.vn','ROLE_LECTURER'),('1352',NULL,'03/04/1988',NULL,'Võ Xuân',_binary '\0',NULL,'Thể',NULL,'0358442524',NULL,_binary '','thevx@hcmute.edu.vn','ROLE_LECTURER'),('16110055',NULL,'03/10/2002',NULL,'Lê Anh ',_binary '\0',NULL,'Đức',NULL,'0357896541',NULL,_binary '','16110055@student.hcmute.edu.vn','ROLE_STUDENT'),('17110124',NULL,'Thu Oct 03 00:00:00 ICT 2002',NULL,'Nguyễn Thể ',_binary '\0',NULL,'Đoàn',NULL,'0352489666',NULL,_binary '\0','17110124@student.hcmute.edu.vn','ROLE_STUDENT'),('17110295',NULL,'03/04/1998',NULL,'Nguyễn Trung ',_binary '\0',NULL,'Hảo',NULL,'0357896555',NULL,_binary '','17110295@student.hcmute.edu.vn','ROLE_STUDENT'),('17110348',NULL,'03/04/1998',NULL,'Lã Thiên ',_binary '\0',NULL,'Phúc',NULL,'0357896555',NULL,_binary '','17110348@student.hcmute.edu.vn','ROLE_STUDENT'),('18110110',NULL,'03/10/2000',NULL,'Lương Văn ',_binary '\0',NULL,'Hoài',NULL,'0352489666',NULL,_binary '','18110110@student.hcmute.edu.vn','ROLE_STUDENT'),('18110191',NULL,'03/10/2000',NULL,'Nguyễn Xuân ',_binary '\0',NULL,'Sang',NULL,'0352489666',NULL,_binary '','18110191@student.hcmute.edu.vn','ROLE_STUDENT'),('18110208',NULL,'03/10/2000',NULL,'Nguyễn Minh ',_binary '\0',NULL,'Thuận',NULL,'0352489666',NULL,_binary '','18110208@student.hcmute.edu.vn','ROLE_STUDENT'),('18110215',NULL,'03/10/2000',NULL,'Nguyễn Đức ',_binary '\0',NULL,'Tính',NULL,'0352489666',NULL,_binary '','18110215@student.hcmute.edu.vn','ROLE_STUDENT'),('19110017',NULL,'03/10/1999',NULL,'Nguyễn Thanh Minh ',_binary '\0',NULL,'Đức',NULL,'0352489666',NULL,_binary '','19110017@student.hcmute.edu.vn','ROLE_STUDENT'),('19110038',NULL,'03/10/1999',NULL,'Hoàng Nhựt Khánh ',_binary '',NULL,'Ngân',NULL,'0352489666',NULL,_binary '','19110038@student.hcmute.edu.vn','ROLE_STUDENT'),('19110074',NULL,'12/12/2002',NULL,'Trần Nguyễn Thành ',_binary '\0',NULL,'Đạt',NULL,'0343998581',NULL,_binary '','19110074@student.hcmute.edu.vn','ROLE_STUDENT'),('19110130',NULL,'03/10/2002',NULL,'Nguyễn Xuân ',_binary '\0',NULL,'Kha',NULL,'0357896541',NULL,_binary '','19110130@student.hcmute.edu.vn','ROLE_STUDENT'),('19110159',NULL,'03/04/2001',NULL,'Trần Mạnh ',_binary '\0',NULL,'Cường',NULL,'0357896541',NULL,_binary '','19110159@student.hcmute.edu.vn','ROLE_STUDENT'),('19110161',NULL,'03/10/2001',NULL,'Phạm Hồng  ',_binary '\0',NULL,'Đại',NULL,'0357896541',NULL,_binary '','19110161@student.hcmute.edu.vn','ROLE_STUDENT'),('19110164',NULL,'03/10/2001',NULL,' Nguyễn Dương Quốc ',_binary '\0',NULL,'Anh',NULL,'0352489666',NULL,_binary '','19110164@student.hcmute.edu.vn','ROLE_STUDENT'),('19110192',NULL,'12/12/2002',NULL,'Lê Minh ',_binary '\0',NULL,'Đức',NULL,'0343998581',NULL,_binary '','19110192@student.hcmute.edu.vn','ROLE_STUDENT'),('19110204',NULL,'03/10/2001',NULL,'Nguyễn Trọng ',_binary '\0',NULL,'Hiếu',NULL,'0352489666',NULL,_binary '','19110204@student.hcmute.edu.vn','ROLE_STUDENT'),('19110205',NULL,'03/04/2001',NULL,'Vy Minh Khánh ',_binary '',NULL,'Hoa',NULL,'0357896541',NULL,_binary '','19110205@student.hcmute.edu.vn','ROLE_STUDENT'),('19110218',NULL,'03/10/2002',NULL,'Trịnh Đinh Hoàng ',_binary '\0',NULL,'Huy',NULL,'0357896541',NULL,_binary '','19110218@student.hcmute.edu.vn','ROLE_STUDENT'),('19110220',NULL,'03/10/2001',NULL,'Bùi Lê Quốc ',_binary '\0',NULL,'Hưng',NULL,'0352489666',NULL,_binary '','19110220@student.hcmute.edu.vn','ROLE_STUDENT'),('19110234',NULL,'03/10/2001',NULL,'Võ Bảo ',_binary '\0',NULL,'Long',NULL,'0352489666',NULL,_binary '','19110234@student.hcmute.edu.vn','ROLE_STUDENT'),('19110238',NULL,'03/10/2001',NULL,'Nguyễn Hữu Thiện ',_binary '\0',NULL,'Lộc',NULL,'0357896541',NULL,_binary '','19110238@student.hcmute.edu.vn','ROLE_STUDENT'),('19110243',NULL,'03/10/2001',NULL,'Nguyễn Xuân  ',_binary '\0',NULL,'Nam',NULL,'0352489666',NULL,_binary '','19110243@student.hcmute.edu.vn','ROLE_STUDENT'),('19110245',NULL,'03/10/1999',NULL,'Lê Hoàng Mai ',_binary '',NULL,'Ngân',NULL,'0352489666',NULL,_binary '','19110017@student.hcmute.edu.vn','ROLE_STUDENT'),('19110246',NULL,'03/10/2001',NULL,'Bùi Trọng ',_binary '\0',NULL,'Nghĩa',NULL,'0352489666',NULL,_binary '','19110246@student.hcmute.edu.vn','ROLE_STUDENT'),('19110257',NULL,'03/10/2001',NULL,'Lê Trần Minh ',_binary '\0',NULL,'Nhựt',NULL,'0357896541',NULL,_binary '','19110257@student.hcmute.edu.vn','ROLE_STUDENT'),('19110274',NULL,'03/10/2001',NULL,'Bạch Trung ',_binary '\0',NULL,'Quốc',NULL,'0352489666',NULL,_binary '','19110274@student.hcmute.edu.vn','ROLE_STUDENT'),('19110285',NULL,'03/10/2001',NULL,'Nguyễn Thị Xuân ',_binary '',NULL,'Thanh',NULL,'0357896541',NULL,_binary '','19110285@student.hcmute.edu.vn','ROLE_STUDENT'),('19110294',NULL,'03/10/2001',NULL,'Quách Đình Trường ',_binary '\0',NULL,'Thi ',NULL,'0352489666',NULL,_binary '','19110294@student.hcmute.edu.vn','ROLE_STUDENT'),('19110303',NULL,'03/10/2002',NULL,'Nguyễn Thành ',_binary '\0',NULL,'Trọng',NULL,'0357896541',NULL,_binary '','19110303@student.hcmute.edu.vn','ROLE_STUDENT'),('19110311',NULL,'03/10/2001',NULL,'Phan Tân ',_binary '\0',NULL,'Tỵ',NULL,'0352489666',NULL,_binary '','19110311@student.hcmute.edu.vn','ROLE_STUDENT'),('19110316',NULL,'03/10/2001',NULL,'Huỳnh Tấn ',_binary '\0',NULL,'Việt',NULL,'0352489666',NULL,_binary '','19110316@student.hcmute.edu.vn','ROLE_STUDENT'),('19110331',NULL,'22/10/2002',NULL,'Đỗ Cao Minh',_binary '\0',NULL,' Chí',NULL,'0357896555',NULL,_binary '','19110331@student.hcmute.edu.vn','ROLE_STUDENT'),('19110333',NULL,'03/10/2001',NULL,'Nguyễn Quốc ',_binary '\0',NULL,'Danh',NULL,'0357896555',NULL,_binary '','19110333@student.hcmute.edu.vn','ROLE_STUDENT'),('19110369',NULL,'03/10/2001',NULL,'Phan Gia',_binary '\0',NULL,'Huy',NULL,'0357896555',NULL,_binary '','19110369@student.hcmute.edu.vn','ROLE_STUDENT'),('19110382',NULL,'03/07/2001',NULL,'Trần Ngô Nhật',_binary '\0',NULL,'Khương',NULL,'0343998581',NULL,_binary '','19110382@student.hcmute.edu.vn','ROLE_STUDENT'),('19110389',NULL,'03/10/2001',NULL,'Lê Nguyễn Thế ',_binary '\0',NULL,'Linh',NULL,'0357896555',NULL,_binary '','19110369@student.hcmute.edu.vn','ROLE_STUDENT'),('19110393',NULL,'03/07/2001',NULL,'Phạm Nguyễn Quang ',_binary '\0',NULL,'Lộc',NULL,'0343998581',NULL,_binary '','19110393@student.hcmute.edu.vn','ROLE_STUDENT'),('19110412',NULL,'03/07/2001',NULL,'Trần Thái ',_binary '\0',NULL,'Nguyên',NULL,'0343998581',NULL,_binary '','19110412@student.hcmute.edu.vn','ROLE_STUDENT'),('19110418',NULL,'03/07/2001',NULL,'Vũ Minh ',_binary '\0',NULL,'Nhật',NULL,'0343998581',NULL,_binary '','19110418@student.hcmute.edu.vn','ROLE_STUDENT'),('19110432',NULL,'22/10/2002',NULL,'Đặng Hữu',_binary '\0',NULL,' Phúc',NULL,'0357896555',NULL,_binary '','19110432@student.hcmute.edu.vn','ROLE_STUDENT'),('19110457',NULL,'12/12/2002',NULL,'Phan Tấn ',_binary '\0',NULL,'Thành',NULL,'0343998581',NULL,_binary '','19110457@student.hcmute.edu.vn','ROLE_STUDENT'),('19110460',NULL,'16/02/2001',NULL,'Nguyễn Thị Thu ',_binary '',NULL,'Thảo',NULL,'0358442222',NULL,_binary '','19110460@student.hcmute.edu.vn','ROLE_STUDENT'),('19110494',NULL,'22/10/2002',NULL,'Nguyễn Anh ',_binary '\0',NULL,' Tuấn',NULL,'0357896555',NULL,_binary '','19110494@student.hcmute.edu.vn','ROLE_STUDENT'),('19110496',NULL,'12/12/2002',NULL,'Lai Khánh ',_binary '\0',NULL,'Tùng',NULL,'0343998581',NULL,_binary '','19110496@student.hcmute.edu.vn','ROLE_STUDENT'),('19110509',NULL,'03/10/2001',NULL,'Trần Hoàng ',_binary '\0',NULL,'Sơn',NULL,'0352489666',NULL,_binary '','19110509@student.hcmute.edu.vn','ROLE_STUDENT'),('19151241',NULL,'03/10/2001',NULL,'Nguyễn Hồng Vũ ',_binary '\0',NULL,'Khánh',NULL,'0352489666',NULL,_binary '','19151241@student.hcmute.edu.vn','ROLE_STUDENT'),('19161028',NULL,'03/10/2001',NULL,'Phạm Thanh ',_binary '\0',NULL,'Cao',NULL,'0352489666',NULL,_binary '','19161028@student.hcmute.edu.vn','ROLE_STUDENT'),('19161232',NULL,'03/10/2002',NULL,'Lê Thanh  ',_binary '\0',NULL,'Hiền',NULL,'0357896541',NULL,_binary '','19161232@student.hcmute.edu.vn','ROLE_STUDENT'),('2',NULL,'03/10/2002',NULL,'Nguyễn Minh ',_binary '',NULL,'Huy',NULL,'0343998584',NULL,_binary '\0','ghstdg@student.hcmute.edu.vn','ROLE_STUDENT'),('20110042',NULL,'03/10/2002',NULL,'Nguyễn Trần Thảo ',_binary '',NULL,'Quyên',NULL,'0357896541',NULL,_binary '','20110042@student.hcmute.edu.vn','ROLE_STUDENT'),('20110053',NULL,'12/12/2002',NULL,'Tô Duy ',_binary '\0',NULL,'Vượng',NULL,'0357896555',NULL,_binary '','20110053@student.hcmute.edu.vn','ROLE_STUDENT'),('20110055',NULL,'03/10/2002',NULL,'Trần Thế ',_binary '\0',NULL,'Kiệt',NULL,'0357896541',NULL,_binary '','20110055@student.hcmute.edu.vn','ROLE_STUDENT'),('20110058',NULL,'03/10/2002',NULL,'Trần Đức ',_binary '\0',NULL,'Long',NULL,'0352489666',NULL,_binary '','20110058@student.hcmute.edu.vn','ROLE_STUDENT'),('20110069',NULL,'12/12/2002',NULL,'Nguyễn Tường Phương ',_binary '',NULL,'Uyên',NULL,'0352458999',NULL,_binary '','20110069@student.hcmute.edu.vn','ROLE_STUDENT'),('20110071',NULL,'03/10/2002',NULL,'Trương Thái ',_binary '\0',NULL,'Bảo',NULL,'0352489666',NULL,_binary '','20110071@student.hcmute.edu.vn','ROLE_STUDENT'),('20110072',NULL,'03/10/2002',NULL,'Đoàn Chấn ',_binary '\0',NULL,'Hưng',NULL,'0352489666',NULL,_binary '','20110072@student.hcmute.edu.vn','ROLE_STUDENT'),('20110075',NULL,'12/12/2002',NULL,'Nguyễn Phát ',_binary '\0',NULL,'Đạt',NULL,'0352458999',NULL,_binary '','20110075@student.hcmute.edu.vn','ROLE_STUDENT'),('20110081',NULL,'03/10/2002',NULL,'Trương Phạm Lý ',_binary '\0',NULL,'Hương',NULL,'0352489666',NULL,_binary '','20110081@student.hcmute.edu.vn','ROLE_STUDENT'),('20110087',NULL,'03/10/2002',NULL,'Nguyễn Trúc ',_binary '\0',NULL,'An',NULL,'0352489666',NULL,_binary '','20110087@student.hcmute.edu.vn','ROLE_STUDENT'),('20110091',NULL,'03/10/2002',NULL,'Dương Tôn ',_binary '\0',NULL,'Phát',NULL,'0357896541',NULL,_binary '','20110091@student.hcmute.edu.vn','ROLE_STUDENT'),('20110099',NULL,'03/10/2002',NULL,'Đặng Mai ',_binary '',NULL,'Hương',NULL,'0352489666',NULL,_binary '','20110099@student.hcmute.edu.vn','ROLE_STUDENT'),('20110100',NULL,'03/10/2002',NULL,'Tăng Phúc ',_binary '\0',NULL,'Toàn',NULL,'0352489666',NULL,_binary '','20110100@student.hcmute.edu.vn','ROLE_STUDENT'),('20110103',NULL,'03/10/2002',NULL,'Nguyễn Gia ',_binary '\0',NULL,'Huy',NULL,'0357896541',NULL,_binary '','20110103@student.hcmute.edu.vn','ROLE_STUDENT'),('20110120',NULL,'12/12/2002',NULL,'Huỳnh Thanh',_binary '\0',NULL,'Tuấn',NULL,'0357896555',NULL,_binary '','20110120@student.hcmute.edu.vn','ROLE_STUDENT'),('20110121',NULL,'12/12/2002',NULL,'Nguyễn Thành ',_binary '\0',NULL,'Đạt',NULL,'0357896555',NULL,_binary '','20110121@student.hcmute.edu.vn','ROLE_STUDENT'),('20110127',NULL,'12/12/2002',NULL,'Nguyễn Tiến ',_binary '\0',NULL,'Dũng',NULL,'0352458999',NULL,_binary '','20110127@student.hcmute.edu.vn','ROLE_STUDENT'),('20110129',NULL,'03/10/2002',NULL,'Đinh Tấn Phúc ',_binary '\0',NULL,'Huy',NULL,'0352489666',NULL,_binary '','20110129@student.hcmute.edu.vn','ROLE_STUDENT'),('20110132',NULL,'03/10/2002',NULL,'Nguyễn Minh ',_binary '\0',NULL,'Cường',NULL,'0352489666',NULL,_binary '','20110132@student.hcmute.edu.vn','ROLE_STUDENT'),('20110133',NULL,'03/10/2002',NULL,'Nguyễn Vĩnh ',_binary '\0',NULL,'Thiện',NULL,'0357896541',NULL,_binary '','20110515@student.hcmute.edu.vn','ROLE_STUDENT'),('20110135',NULL,'03/10/2002',NULL,'Lê Thị Thanh ',_binary '\0',NULL,'Tuyết',NULL,'0357896541',NULL,_binary '','20110135@student.hcmute.edu.vn','ROLE_STUDENT'),('20110138',NULL,'03/10/2002',NULL,'Võ Trần Bảo ',_binary '\0',NULL,'Nguyên',NULL,'0352489666',NULL,_binary '','20110138@student.hcmute.edu.vn','ROLE_STUDENT'),('20110141',NULL,'22/10/2002',NULL,'Phạm Quỳnh ',_binary '',NULL,'Hương',NULL,'0357896555',NULL,_binary '','20110141@student.hcmute.edu.vn','ROLE_STUDENT'),('20110144',NULL,'22/10/2002',NULL,'Ngô Thừa ',_binary '\0',NULL,'Ân',NULL,'0357896555',NULL,_binary '','20110144@student.hcmute.edu.vn','ROLE_STUDENT'),('20110147',NULL,'03/10/2002',NULL,'Huỳnh Anh ',_binary '\0',NULL,'Vũ',NULL,'0357896555',NULL,_binary '','20110147@student.hcmute.edu.vn','ROLE_STUDENT'),('20110160',NULL,'22/10/2002',NULL,'Trần Văn ',_binary '\0',NULL,'Quảng',NULL,'0357896555',NULL,_binary '','20110160@student.hcmute.edu.vn','ROLE_STUDENT'),('20110169',NULL,'22/10/2002',NULL,'Nguyễn Thành ',_binary '\0',NULL,'Đa',NULL,'0357896555',NULL,_binary '','20110169@student.hcmute.edu.vn','ROLE_STUDENT'),('20110172',NULL,'22/10/2002',NULL,'Nguyễn Văn',_binary '\0',NULL,'  Ninh',NULL,'0357896555',NULL,_binary '','20110172@student.hcmute.edu.vn','ROLE_STUDENT'),('20110174',NULL,'03/10/2002',NULL,'Lâm Hoàng ',_binary '',NULL,'Duyên',NULL,'0357896555',NULL,_binary '','20110174@student.hcmute.edu.vn','ROLE_STUDENT'),('20110179',NULL,'12/12/2002',NULL,'Nguyễn Quốc ',_binary '\0',NULL,'Bảo',NULL,'0352458999',NULL,_binary '','20110179@student.hcmute.edu.vn','ROLE_STUDENT'),('20110188',NULL,'03/10/2002',NULL,'Cao Thị Minh ',_binary '',NULL,'Châu',NULL,'0352489666',NULL,_binary '','20110188@student.hcmute.edu.vn','ROLE_STUDENT'),('20110190',NULL,'22/10/2002',NULL,'Võ Nguyễn Minh',_binary '\0',NULL,'  Thư',NULL,'0357896555',NULL,_binary '','20110190@student.hcmute.edu.vn','ROLE_STUDENT'),('20110193',NULL,'03/10/2002',NULL,'Phan Thị Diễm ',_binary '',NULL,'Trinh',NULL,'0357896555',NULL,_binary '','20110193@student.hcmute.edu.vn','ROLE_STUDENT'),('20110197',NULL,'22/10/2002',NULL,'Nguyễn Thanh Phương',_binary '',NULL,'Thảo',NULL,'0357896555',NULL,_binary '','20110197@student.hcmute.edu.vn','ROLE_STUDENT'),('20110201',NULL,'22/10/2002',NULL,'Dư Mỹ ',_binary '',NULL,'Duyên',NULL,'0357896555',NULL,_binary '','20110201@student.hcmute.edu.vn','ROLE_STUDENT'),('20110202',NULL,'22/10/2002',NULL,'Trần Chí ',_binary '\0',NULL,'Mỹ',NULL,'0357896555',NULL,_binary '','20110202@student.hcmute.edu.vn','ROLE_STUDENT'),('20110205',NULL,'22/10/2002',NULL,'Vũ Hoàng ',_binary '\0',NULL,' Anh',NULL,'0357896555',NULL,_binary '','20110205@student.hcmute.edu.vn','ROLE_STUDENT'),('20110215',NULL,'22/10/2002',NULL,'Lê Đình ',_binary '\0',NULL,'Trường',NULL,'0357896555',NULL,_binary '','20110215@student.hcmute.edu.vn','ROLE_STUDENT'),('20110216',NULL,'03/05/2002',NULL,'Nguyễn Hữu',_binary '\0',NULL,'Lập',NULL,'0343998587',NULL,_binary '','20110216@student.hcmute.edu.vn','ROLE_STUDENT'),('20110220',NULL,'03/10/2001',NULL,'Nguyễn Đức ',_binary '\0',NULL,'Toàn',NULL,'0357896555',NULL,_binary '','20110220@student.hcmute.edu.vn','ROLE_STUDENT'),('20110221',NULL,'22/10/2002',NULL,'Trần Phúc',_binary '\0',NULL,' Khánh',NULL,'0357896555',NULL,_binary '','20110221@student.hcmute.edu.vn','ROLE_STUDENT'),('20110222',NULL,'03/04/2001',NULL,'Nguyễn Thanh',_binary '',NULL,'An',NULL,'0357896555',NULL,_binary '','20110222@student.hcmute.edu.vn','ROLE_STUDENT'),('20110223',NULL,'12/12/2002',NULL,'Đào Thị Thanh ',_binary '',NULL,'Vi',NULL,'0352458999',NULL,_binary '','20110223@student.hcmute.edu.vn','ROLE_STUDENT'),('20110224',NULL,'22/10/2002',NULL,'Nguyễn Thành',_binary '\0',NULL,'Văn',NULL,'0357896555',NULL,_binary '','20110224@student.hcmute.edu.vn','ROLE_STUDENT'),('20110225',_binary '','12/12/2003',NULL,'Trần Hồng',_binary '',NULL,'Hoa',NULL,'0352458566',NULL,_binary '','20110225@student.hcmute.edu.vn','ROLE_STUDENT'),('20110229',NULL,'03/04/2001',NULL,'Nguyễn Văn ',_binary '\0',NULL,'Phúc',NULL,'0352489666',NULL,_binary '','20110229@student.hcmute.edu.vn','ROLE_STUDENT'),('20110233',NULL,'22/10/2002',NULL,'Nguyễn Lê Quốc',_binary '\0',NULL,' Khánh',NULL,'0357896555',NULL,_binary '','20110233@student.hcmute.edu.vn','ROLE_STUDENT'),('20110234',NULL,'03/10/2001',NULL,'Nguyễn Kiều Châu ',_binary '\0',NULL,'Anh',NULL,'0357896555',NULL,_binary '','20110234@student.hcmute.edu.vn','ROLE_STUDENT'),('20110235',NULL,'22/10/2002',NULL,'Nguyễn Thị Quỳnh ',_binary '\0',NULL,'Như',NULL,'0357896555',NULL,_binary '','20110235@student.hcmute.edu.vn','ROLE_STUDENT'),('20110237',NULL,'12/12/2002',NULL,'Hoàng Vũ Trường ',_binary '\0',NULL,'Giang',NULL,'0357896541',NULL,_binary '','20110237@student.hcmute.edu.vn','ROLE_STUDENT'),('20110243',NULL,'22/10/2002',NULL,'Lê Hải ',_binary '\0',NULL,'Đăng',NULL,'0357896555',NULL,_binary '','20110243@student.hcmute.edu.vn','ROLE_STUDENT'),('20110244',NULL,'22/10/2002',NULL,'Mai Hải ',_binary '\0',NULL,'Đăng',NULL,'0357896555',NULL,_binary '','20110244@student.hcmute.edu.vn','ROLE_STUDENT'),('20110246',NULL,'22/10/2002',NULL,'Huỳnh Tiến ',_binary '\0',NULL,'Dĩ',NULL,'0357896555',NULL,_binary '','20110246@student.hcmute.edu.vn','ROLE_STUDENT'),('20110248',NULL,'22/10/2002',NULL,'Lê Thị Kim ',_binary '',NULL,'Lệ',NULL,'0357896555',NULL,_binary '','20110248@student.hcmute.edu.vn','ROLE_STUDENT'),('20110252',NULL,'12/12/2002',NULL,'Phạm Phúc ',_binary '\0',NULL,'Bình',NULL,'0352458999',NULL,_binary '','20110252@student.hcmute.edu.vn','ROLE_STUDENT'),('20110254',NULL,'12/12/2002',NULL,'Lê Hoàng Tri ',_binary '\0',NULL,'Ân',NULL,'0343998581',NULL,_binary '','20110254@student.hcmute.edu.vn','ROLE_STUDENT'),('20110256',NULL,'12/12/2002',NULL,'Nguyễn Đức ',_binary '\0',NULL,'Thịnh',NULL,'0352458999',NULL,_binary '','20110256@student.hcmute.edu.vn','ROLE_STUDENT'),('20110258',NULL,'12/12/2002',NULL,'Huỳnh Công ',_binary '\0',NULL,'Quyền',NULL,'0343998581',NULL,_binary '','20110258@student.hcmute.edu.vn','ROLE_STUDENT'),('20110261',NULL,'16/08/2001',NULL,'Nguyễn Ngọc',_binary '\0',NULL,' Phát',NULL,'0358442333',NULL,_binary '','20110261@student.hcmute.edu.vn','ROLE_STUDENT'),('20110262',NULL,'22/10/2002',NULL,'Nguyễn Minh ',_binary '\0',NULL,'Chiến',NULL,'0357896555',NULL,_binary '','20110262@student.hcmute.edu.vn','ROLE_STUDENT'),('20110263',NULL,'12/12/2002',NULL,'Nguyễn Đình  ',_binary '\0',NULL,'Thiện',NULL,'0352458999',NULL,_binary '','20110263@student.hcmute.edu.vn','ROLE_STUDENT'),('20110266',NULL,'12/12/2002',NULL,'Chu Trần Minh ',_binary '\0',NULL,'Đức',NULL,'0343998581',NULL,_binary '','20110266@student.hcmute.edu.vn','ROLE_STUDENT'),('20110267',NULL,'22/10/2002',NULL,'Nguyễn Công ',_binary '\0',NULL,'Thành',NULL,'0357896555',NULL,_binary '','20110267@student.hcmute.edu.vn','ROLE_STUDENT'),('20110269',NULL,'12/12/2002',NULL,'Nguyễn Thiên ',_binary '\0',NULL,'Khang',NULL,'0343998581',NULL,_binary '','20110269@student.hcmute.edu.vn','ROLE_STUDENT'),('20110276',NULL,'22/10/2002',NULL,'Trần Thị Bảo',_binary '',NULL,'Ngọc',NULL,'0357896555',NULL,_binary '','20110276@student.hcmute.edu.vn','ROLE_STUDENT'),('20110277',NULL,'12/12/2002',NULL,'Vũ Nguyễn Trung ',_binary '\0',NULL,'Khang',NULL,'0352458999',NULL,_binary '','20110277@student.hcmute.edu.vn','ROLE_STUDENT'),('20110280',NULL,'12/12/2002',NULL,'Lê Minh ',_binary '\0',NULL,'Tường',NULL,'0352458999',NULL,_binary '','20110280@student.hcmute.edu.vn','ROLE_STUDENT'),('20110281',NULL,'12/12/2002',NULL,'Võ Hồng ',_binary '\0',NULL,'Khang',NULL,'0357896541',NULL,_binary '','20110281@student.hcmute.edu.vn','ROLE_STUDENT'),('20110286',NULL,'22/10/2002',NULL,'Lê Nguyễn Tuấn',_binary '\0',NULL,'Kiệt',NULL,'0357896555',NULL,_binary '','20110286@student.hcmute.edu.vn','ROLE_STUDENT'),('20110297',NULL,'12/12/2002',NULL,'Đỗ Duy  ',_binary '\0',NULL,'Hào',NULL,'0352458999',NULL,_binary '','20110297@student.hcmute.edu.vn','ROLE_STUDENT'),('20110298',NULL,'12/12/2002',NULL,'Đỗ Duy ',_binary '\0',NULL,'Nhựt',NULL,'0352458999',NULL,_binary '','20110298@student.hcmute.edu.vn','ROLE_STUDENT'),('20110299',NULL,'22/10/2002',NULL,'Lê Đức ',_binary '\0',NULL,' Long',NULL,'0357896555',NULL,_binary '','20110299@student.hcmute.edu.vn','ROLE_STUDENT'),('20110300',NULL,'22/10/2002',NULL,'Đặng Văn ',_binary '\0',NULL,' Tuấn',NULL,'0357896555',NULL,_binary '','20110300@student.hcmute.edu.vn','ROLE_STUDENT'),('20110301',NULL,'12/12/2002',NULL,'Trần Minh ',_binary '\0',NULL,'Mẫn',NULL,'0352458999',NULL,_binary '','20110301@student.hcmute.edu.vn','ROLE_STUDENT'),('20110305',NULL,'12/12/2002',NULL,'Trần Bửu  ',_binary '\0',NULL,'Quyên',NULL,'0352458999',NULL,_binary '','20110305@student.hcmute.edu.vn','ROLE_STUDENT'),('20110306',NULL,'12/12/2002',NULL,'Từ Thanh ',_binary '\0',NULL,'Thoại',NULL,'0343998581',NULL,_binary '','20110306@student.hcmute.edu.vn','ROLE_STUDENT'),('20110307',NULL,'22/10/2002',NULL,'Nguyễn Đức ',_binary '\0',NULL,'Thành',NULL,'0357896555',NULL,_binary '','20110307@student.hcmute.edu.vn','ROLE_STUDENT'),('20110313',NULL,'14/03/2002',NULL,'Phùng Thị Thùy ',_binary '',NULL,'Trang',NULL,'0357896666',NULL,_binary '','20110313@student.hcmute.edu.vn','ROLE_STUDENT'),('20110315',NULL,'22/10/2002',NULL,'Nguyễn Thị Cẩm ',_binary '',NULL,'Nguyên',NULL,'0357896555',NULL,_binary '','20110315@student.hcmute.edu.vn','ROLE_STUDENT'),('20110322',NULL,'22/10/2002',NULL,'Phan Duy ',_binary '\0',NULL,'Lâm',NULL,'0357896555',NULL,_binary '','20110322@student.hcmute.edu.vn','ROLE_STUDENT'),('20110323',NULL,'22/10/2002',NULL,'Bùi Đức ',_binary '\0',NULL,' Tiên',NULL,'0357896555',NULL,_binary '','20110323@student.hcmute.edu.vn','ROLE_STUDENT'),('20110324',NULL,'22/10/2002',NULL,'Trần Thị Trà ',_binary '',NULL,'My',NULL,'0357896555',NULL,_binary '','20110324@student.hcmute.edu.vn','ROLE_STUDENT'),('20110334',NULL,'03/10/2002',NULL,'Nguyễn Tấn ',_binary '\0',NULL,'Phát',NULL,'0357896541',NULL,_binary '','20110334@student.hcmute.edu.vn','ROLE_STUDENT'),('20110335',NULL,'22/10/2002',NULL,'Nguyễn Thị Bích',_binary '',NULL,' Liên',NULL,'0357896555',NULL,_binary '','20110335@student.hcmute.edu.vn','ROLE_STUDENT'),('20110337',NULL,'12/12/2002',NULL,'Hoàng Thị Mỹ ',_binary '',NULL,'Huyền',NULL,'0352458999',NULL,_binary '','20110337@student.hcmute.edu.vn','ROLE_STUDENT'),('20110408',NULL,'03/10/2002',NULL,'Lê Công ',_binary '\0',NULL,'Trình',NULL,'0352489666',NULL,_binary '','20110408@student.hcmute.edu.vn','ROLE_STUDENT'),('20110410',NULL,'12/12/2002',NULL,'Trần Mai ',_binary '',NULL,'Tuệ',NULL,'0357896555',NULL,_binary '','20110410@student.hcmute.edu.vn','ROLE_STUDENT'),('20110434',NULL,'03/10/2002',NULL,'Nguyễn Văn ',_binary '\0',NULL,'An',NULL,'0352489666',NULL,_binary '','20110434@student.hcmute.edu.vn','ROLE_STUDENT'),('20110439',NULL,'12/12/2002',NULL,'Lê Quang',_binary '\0',NULL,'Bảo',NULL,'0352458999',NULL,_binary '','20110439@student.hcmute.edu.vn','ROLE_STUDENT'),('20110440',NULL,'03/10/2002',NULL,'Nguyễn Hoàng Thiên ',_binary '\0',NULL,'Bảo',NULL,'0357896541',NULL,_binary '','20110440@student.hcmute.edu.vn','ROLE_STUDENT'),('20110443',NULL,'12/12/2002',NULL,'Thái Doãn Gia ',_binary '\0',NULL,'Bảo',NULL,'0352458999',NULL,_binary '','20110443@student.hcmute.edu.vn','ROLE_STUDENT'),('20110447',NULL,'03/10/2002',NULL,'Nguyễn Phước ',_binary '\0',NULL,'Công',NULL,'0352489666',NULL,_binary '','20110447@student.hcmute.edu.vn','ROLE_STUDENT'),('20110451',NULL,'12/12/2002',NULL,'Trần Văn ',_binary '\0',NULL,'Dân',NULL,'0357896555',NULL,_binary '','20110451@student.hcmute.edu.vn','ROLE_STUDENT'),('20110453',NULL,'12/12/2002',NULL,'Nguyễn Đình ',_binary '\0',NULL,'Duy',NULL,'0352458999',NULL,_binary '','20110453@student.hcmute.edu.vn','ROLE_STUDENT'),('20110454',NULL,'03/10/2002',NULL,'Lê Quang ',_binary '\0',NULL,'Dương',NULL,'0357896541',NULL,_binary '','20110454@student.hcmute.edu.vn','ROLE_STUDENT'),('20110455',NULL,'03/10/2002',NULL,'Nguyễn Văn ',_binary '\0',NULL,'Đạt',NULL,'0352489666',NULL,_binary '','20110455@student.hcmute.edu.vn','ROLE_STUDENT'),('20110457',NULL,'12/12/2002',NULL,'Trần Tiến ',_binary '\0',NULL,'Đạt',NULL,'0357896555',NULL,_binary '','20110457@student.hcmute.edu.vn','ROLE_STUDENT'),('20110458',NULL,'03/10/2002',NULL,'Nguyễn Thanh ',_binary '\0',NULL,'Điền',NULL,'0357896541',NULL,_binary '','20110475@student.hcmute.edu.vn','ROLE_STUDENT'),('20110459',NULL,'03/10/2002',NULL,'Đỗ Trung ',_binary '\0',NULL,'Đức',NULL,'0352489666',NULL,_binary '','20110459@student.hcmute.edu.vn','ROLE_STUDENT'),('20110461',NULL,'03/10/2002',NULL,'Nguyễn Minh ',_binary '\0',NULL,'Đức',NULL,'0352489666',NULL,_binary '','20110461@student.hcmute.edu.vn','ROLE_STUDENT'),('20110463',NULL,'03/10/2002',NULL,'Nguyễn Văn ',_binary '\0',NULL,'Giang',NULL,'0352489666',NULL,_binary '','20110463@student.hcmute.edu.vn','ROLE_STUDENT'),('20110465',NULL,'12/12/2002',NULL,'Lê Trương Ngọc ',_binary '\0',NULL,'Hải',NULL,'0357896555',NULL,_binary '','20110465@student.hcmute.edu.vn','ROLE_STUDENT'),('20110467',NULL,'03/10/2002',NULL,'Trần Ngọc ',_binary '\0',NULL,'Hải',NULL,'0357896541',NULL,_binary '','20110467@student.hcmute.edu.vn','ROLE_STUDENT'),('20110468',NULL,'03/10/2002',NULL,'Nguyễn Kim ',_binary '',NULL,'Hạnh',NULL,'0352489666',NULL,_binary '','20110468@student.hcmute.edu.vn','ROLE_STUDENT'),('20110470',NULL,'03/10/2002',NULL,'Phạm Văn ',_binary '\0',NULL,'Hào',NULL,'0357896541',NULL,_binary '','20110470@student.hcmute.edu.vn','ROLE_STUDENT'),('20110471',NULL,'12/12/2002',NULL,'Trần Nhật',_binary '\0',NULL,'Hào',NULL,'0357896555',NULL,_binary '','20110471@student.hcmute.edu.vn','ROLE_STUDENT'),('20110472',NULL,'12/12/2002',NULL,'Võ Hoàn ',_binary '\0',NULL,'Hảo',NULL,'0352458999',NULL,_binary '','20110472@student.hcmute.edu.vn','ROLE_STUDENT'),('20110473',NULL,'03/10/2002',NULL,'Nguyễn Thị Thu ',_binary '\0',NULL,'Hằng',NULL,'0352489666',NULL,_binary '','20110473@student.hcmute.edu.vn','ROLE_STUDENT'),('20110475',NULL,'03/10/2002',NULL,'Lê Văn ',_binary '\0',NULL,'Hiền',NULL,'0357896541',NULL,_binary '','20110475@student.hcmute.edu.vn','ROLE_STUDENT'),('20110479',NULL,'03/10/2002',NULL,'Nguyễn Trung ',_binary '\0',NULL,'Hiếu',NULL,'0357896541',NULL,_binary '','20110479@student.hcmute.edu.vn','ROLE_STUDENT'),('20110481',NULL,'03/10/2002',NULL,'Trương Minh ',_binary '\0',NULL,'Hiếu',NULL,'0352489666',NULL,_binary '','20110481@student.hcmute.edu.vn','ROLE_STUDENT'),('20110482',NULL,'03/10/2002',NULL,'Vũ Trung ',_binary '\0',NULL,'Hiếu',NULL,'0357896541',NULL,_binary '','20110482@student.hcmute.edu.vn','ROLE_STUDENT'),('20110483',NULL,'03/10/2002',NULL,'Phạm Hồng ',_binary '\0',NULL,'Hiệu',NULL,'0352489666',NULL,_binary '','20110483@student.hcmute.edu.vn','ROLE_STUDENT'),('20110485',NULL,'03/10/2002',NULL,'Trương Thuận ',_binary '\0',NULL,'Hòa',NULL,'0352489666',NULL,_binary '','20110485@student.hcmute.edu.vn','ROLE_STUDENT'),('20110486',NULL,'03/10/2002',NULL,'Nguyễn Thị Thu ',_binary '\0',NULL,'Hoài',NULL,'0357896541',NULL,_binary '','20110486@student.hcmute.edu.vn','ROLE_STUDENT'),('20110487',NULL,'03/10/2002',NULL,'Hồ Duy ',_binary '\0',NULL,'Hoàng',NULL,'0352489666',NULL,_binary '','20110487@student.hcmute.edu.vn','ROLE_STUDENT'),('20110488',NULL,'03/10/2002',NULL,'Tạ Duy ',_binary '\0',NULL,'Hoàng',NULL,'0352489666',NULL,_binary '','20110488@student.hcmute.edu.vn','ROLE_STUDENT'),('20110489',NULL,'12/12/2002',NULL,'Ngô Công ',_binary '\0',NULL,'Huân',NULL,'0352458999',NULL,_binary '','20110489@student.hcmute.edu.vn','ROLE_STUDENT'),('20110494',NULL,'12/12/2002',NULL,'Nguyễn Đình Quang ',_binary '\0',NULL,'Huy',NULL,'0357896555',NULL,_binary '','20110494@student.hcmute.edu.vn','ROLE_STUDENT'),('20110496',NULL,'03/10/2002',NULL,'Nông Quang ',_binary '\0',NULL,'Huy',NULL,'0357896541',NULL,_binary '','20110496@student.hcmute.edu.vn','ROLE_STUDENT'),('20110500',NULL,'03/10/2002',NULL,'Nguyễn Hoàng ',_binary '\0',NULL,'Kha',NULL,'0352489666',NULL,_binary '','20110500@student.hcmute.edu.vn','ROLE_STUDENT'),('20110502',NULL,'03/10/2002',NULL,'Phan Duy ',_binary '\0',NULL,'Khánh',NULL,'0352489666',NULL,_binary '','20110502@student.hcmute.edu.vn','ROLE_STUDENT'),('20110503',NULL,'03/10/2002',NULL,'Trần Đình Đông ',_binary '\0',NULL,'Khánh',NULL,'0352489666',NULL,_binary '','20110503@student.hcmute.edu.vn','ROLE_STUDENT'),('20110504',NULL,'12/12/2002',NULL,'Phan Đại Đăng ',_binary '\0',NULL,'Khoa',NULL,'0357896555',NULL,_binary '','20110504@student.hcmute.edu.vn','ROLE_STUDENT'),('20110505',NULL,'12/12/2002',NULL,'Trần Tấn ',_binary '\0',NULL,'Khoa',NULL,'0352458999',NULL,_binary '','20110505@student.hcmute.edu.vn','ROLE_STUDENT'),('20110506',NULL,'03/10/2002',NULL,'Nguyễn Trung ',_binary '\0',NULL,'Kiên',NULL,'0352489666',NULL,_binary '','20110506@student.hcmute.edu.vn','ROLE_STUDENT'),('20110507',NULL,'12/12/2002',NULL,'Trần Chí ',_binary '\0',NULL,'Kiên',NULL,'0357896555',NULL,_binary '','20110507@student.hcmute.edu.vn','ROLE_STUDENT'),('20110508',NULL,'03/10/2002',NULL,'Huỳnh Ngọc Tuấn ',_binary '\0',NULL,'Kiệt',NULL,'0352489666',NULL,_binary '','20110508@student.hcmute.edu.vn','ROLE_STUDENT'),('20110510',NULL,'03/10/2002',NULL,'Nguyễn Tuấn ',_binary '\0',NULL,'Kiệt',NULL,'0352489666',NULL,_binary '','20110510@student.hcmute.edu.vn','ROLE_STUDENT'),('20110514',NULL,'12/12/2002',NULL,'Nguyễn Sỹ Hoàng ',_binary '\0',NULL,'Lâm',NULL,'0352458999',NULL,_binary '','20110514@student.hcmute.edu.vn','ROLE_STUDENT'),('20110515',NULL,'03/10/2002',NULL,'Trần Nguyễn Duy ',_binary '\0',NULL,'Lân',NULL,'0357896541',NULL,_binary '','20110515@student.hcmute.edu.vn','ROLE_STUDENT'),('20110516',NULL,'03/10/2002',NULL,'Trần Nguyễn Duy ',_binary '\0',NULL,'Linh',NULL,'0357896541',NULL,_binary '','20110516@student.hcmute.edu.vn','ROLE_STUDENT'),('20110517',NULL,'03/10/2002',NULL,'Mai Bảo ',_binary '\0',NULL,'Long',NULL,'0357896541',NULL,_binary '','20110517@student.hcmute.edu.vn','ROLE_STUDENT'),('20110520',NULL,'03/10/2002',NULL,'Phạm Văn ',_binary '\0',NULL,'Lương',NULL,'0352489666',NULL,_binary '','20110520@student.hcmute.edu.vn','ROLE_STUDENT'),('20110521',NULL,'03/10/2002',NULL,'Ngô Anh ',_binary '\0',NULL,'Lượng',NULL,'0352489666',NULL,_binary '','20110521@student.hcmute.edu.vn','ROLE_STUDENT'),('20110523',NULL,'03/10/2002',NULL,'Nguyễn Nhật ',_binary '\0',NULL,'Nam',NULL,'0357896541',NULL,_binary '','20110523@student.hcmute.edu.vn','ROLE_STUDENT'),('20110524',NULL,'03/10/2002',NULL,'Phan Phạm ',_binary '\0',NULL,'Nghĩa',NULL,'0357896541',NULL,_binary '','20110524@student.hcmute.edu.vn','ROLE_STUDENT'),('20110526',NULL,'12/12/2002',NULL,'Đỗ Thị Bích Ngọc',_binary '',NULL,'Ngọc',NULL,'0352458999',NULL,_binary '','20110526@student.hcmute.edu.vn','ROLE_STUDENT'),('20110530',NULL,'03/10/2002',NULL,'Nguyễn Duy ',_binary '\0',NULL,'Nguyễn',NULL,'0357896541',NULL,_binary '','20110530@student.hcmute.edu.vn','ROLE_STUDENT'),('20110532',NULL,'03/10/2002',NULL,'Huỳnh Trung',_binary '\0',NULL,'Nhân',NULL,'0357896541',NULL,_binary '','20110532@student.hcmute.edu.vn','ROLE_STUDENT'),('20110533',NULL,'12/12/2002',NULL,'Võ Huỳnh Anh ',_binary '\0',NULL,'Nhật',NULL,'0343998581',NULL,_binary '','20110533@student.hcmute.edu.vn','ROLE_STUDENT'),('20110534',NULL,'03/10/2002',NULL,'Nguyễn Minh ',_binary '\0',NULL,'Nhựt',NULL,'0352489666',NULL,_binary '','20110534@student.hcmute.edu.vn','ROLE_STUDENT'),('20110535',NULL,'03/10/2002',NULL,'Nguyễn Tiến ',_binary '\0',NULL,'Phát',NULL,'0352489666',NULL,_binary '','20110535@student.hcmute.edu.vn','ROLE_STUDENT'),('20110539',NULL,'03/10/2002',NULL,'Bùi Sỹ ',_binary '\0',NULL,'Phú',NULL,'0352489666',NULL,_binary '','20110539@student.hcmute.edu.vn','ROLE_STUDENT'),('20110540',NULL,'12/12/2002',NULL,'Huỳnh Hùng ',_binary '\0',NULL,'Phú',NULL,'0357896555',NULL,_binary '','20110540@student.hcmute.edu.vn','ROLE_STUDENT'),('20110541',NULL,'03/10/2002',NULL,'Ngô Thanh ',_binary '\0',NULL,'Phú',NULL,'0352489666',NULL,_binary '','20110541@student.hcmute.edu.vn','ROLE_STUDENT'),('20110544',NULL,'03/10/2002',NULL,'Trương Tấn ',_binary '\0',NULL,'Phúc',NULL,'0357896541',NULL,_binary '','20110544@student.hcmute.edu.vn','ROLE_STUDENT'),('20110547',NULL,'12/12/2002',NULL,'Trần Thanh ',_binary '\0',NULL,'Phương',NULL,'0357896555',NULL,_binary '','20110547@student.hcmute.edu.vn','ROLE_STUDENT'),('20110548',NULL,'03/10/2002',NULL,'Đàm Vinh ',_binary '\0',NULL,'Quang',NULL,'0352489666',NULL,_binary '','20110548@student.hcmute.edu.vn','ROLE_STUDENT'),('20110552',NULL,'03/10/2002',NULL,'Cao Ngọc ',_binary '\0',NULL,'Quý',NULL,'0357896541',NULL,_binary '','20110552@student.hcmute.edu.vn','ROLE_STUDENT'),('20110556',NULL,'03/10/2002',NULL,'Nguyễn Văn ',_binary '\0',NULL,'Sanh',NULL,'0357896541',NULL,_binary '','20110556@student.hcmute.edu.vn','ROLE_STUDENT'),('20110557',NULL,'03/10/2002',NULL,'Nguyễn Như ',_binary '\0',NULL,'Sâm',NULL,'0352489666',NULL,_binary '','20110557@student.hcmute.edu.vn','ROLE_STUDENT'),('20110558',NULL,'12/12/2002',NULL,'Trần Quốc ',_binary '\0',NULL,'Siêu',NULL,'0343998581',NULL,_binary '','20110558@student.hcmute.edu.vn','ROLE_STUDENT'),('20110559',NULL,'03/10/2002',NULL,'Nguyễn Hồng ',_binary '\0',NULL,'Sơn',NULL,'0357896541',NULL,_binary '','20110559@student.hcmute.edu.vn','ROLE_STUDENT'),('20110560',NULL,'12/12/2002',NULL,'Phan Hồng ',_binary '\0',NULL,'Sơn',NULL,'0352458999',NULL,_binary '','20110560@student.hcmute.edu.vn','ROLE_STUDENT'),('20110564',NULL,'03/10/2002',NULL,'Đào Ngọc ',_binary '\0',NULL,'Thạch',NULL,'0352489666',NULL,_binary '','20110564@student.hcmute.edu.vn','ROLE_STUDENT'),('20110565',NULL,'03/10/2002',NULL,'Nguyễn Duy  ',_binary '\0',NULL,'Thanh',NULL,'0357896541',NULL,_binary '','20110565@student.hcmute.edu.vn','ROLE_STUDENT'),('20110567',NULL,'03/10/2002',NULL,'Trần Tiến  ',_binary '\0',NULL,'Thành',NULL,'0352489666',NULL,_binary '','20110567@student.hcmute.edu.vn','ROLE_STUDENT'),('20110568',NULL,'03/10/2002',NULL,'Nguyễn Hữu ',_binary '\0',NULL,'Thắng',NULL,'0352489666',NULL,_binary '','20110132@student.hcmute.edu.vn','ROLE_STUDENT'),('20110572',NULL,'03/10/2002',NULL,'Hồ Kim ',_binary '\0',NULL,'Tiền',NULL,'0352489666',NULL,_binary '','20110572@student.hcmute.edu.vn','ROLE_STUDENT'),('20110573',NULL,'03/10/2002',NULL,'Nguyễn Phúc ',_binary '\0',NULL,'Tiền',NULL,'0357896541',NULL,_binary '','20110573@student.hcmute.edu.vn','ROLE_STUDENT'),('20110576',NULL,'03/10/2002',NULL,'Nguyễn Nhật ',_binary '\0',NULL,'Tính',NULL,'0352489666',NULL,_binary '','20110576@student.hcmute.edu.vn','ROLE_STUDENT'),('20110577',NULL,'03/10/2002',NULL,'Nguyễn Minh ',_binary '\0',NULL,'Toàn',NULL,'0357896541',NULL,_binary '','20110577@student.hcmute.edu.vn','ROLE_STUDENT'),('20110578',NULL,'12/12/2002',NULL,'Nguyễn Mạnh ',_binary '\0',NULL,'Toàn',NULL,'0352458999',NULL,_binary '','20110578@student.hcmute.edu.vn','ROLE_STUDENT'),('20110580',NULL,'03/10/2002',NULL,'Nguyễn Thị Thùy ',_binary '',NULL,'Trang',NULL,'0352489666',NULL,_binary '','20110580@student.hcmute.edu.vn','ROLE_STUDENT'),('20110587',NULL,'12/12/2002',NULL,'Lê Kiên ',_binary '\0',NULL,'Trung',NULL,'0357896555',NULL,_binary '','20110410@student.hcmute.edu.vn','ROLE_STUDENT'),('20110588',NULL,'12/12/2002',NULL,'Nguyễn Quốc ',_binary '\0',NULL,'Trung',NULL,'0357896555',NULL,_binary '','20110588@student.hcmute.edu.vn','ROLE_STUDENT'),('20110590',NULL,'03/10/2002',NULL,'Trần Nguyễn Huy ',_binary '\0',NULL,'Trường',NULL,'0352489666',NULL,_binary '','20110590@student.hcmute.edu.vn','ROLE_STUDENT'),('20110594',NULL,'12/12/2002',NULL,'Nguyễn Minh ',_binary '\0',NULL,'Tuấn',NULL,'0352458999',NULL,_binary '','20110594@student.hcmute.edu.vn','ROLE_STUDENT'),('20110597',NULL,'03/10/2002',NULL,'Huỳnh Hồ Thọ',_binary '\0',NULL,'Tỷ',NULL,'0352489666',NULL,_binary '','20110597@student.hcmute.edu.vn','ROLE_STUDENT'),('20110598',NULL,'03/10/2002',NULL,'Lầu Việt ',_binary '\0',NULL,'Vấn',NULL,'0357896541',NULL,_binary '','20110598@student.hcmute.edu.vn','ROLE_STUDENT'),('20110599',NULL,'12/12/2002',NULL,'Hà Nhật',_binary '\0',NULL,'Vềnh',NULL,'0357896555',NULL,_binary '','20110599@student.hcmute.edu.vn','ROLE_STUDENT'),('20110601',NULL,'12/12/2002',NULL,'Hồ Hữu Quang ',_binary '\0',NULL,'Vinh',NULL,'0343998581',NULL,_binary '','20110601@student.hcmute.edu.vn','ROLE_STUDENT'),('20110609',NULL,'12/12/2002',NULL,'Phan Văn Đức ',_binary '\0',NULL,'Anh',NULL,'0352458999',NULL,_binary '','20110609@student.hcmute.edu.vn','ROLE_STUDENT'),('20110612',NULL,'22/10/2002',NULL,'Đoàn Quốc',_binary '\0',NULL,' Bảo',NULL,'0357896555',NULL,_binary '','20110612@student.hcmute.edu.vn','ROLE_STUDENT'),('20110613',NULL,'12/12/2002',NULL,'Lê Đình ',_binary '\0',NULL,'Bảo',NULL,'0352458999',NULL,_binary '','20110613@student.hcmute.edu.vn','ROLE_STUDENT'),('20110614',NULL,'22/10/2002',NULL,'Bùi Đặng Quốc',_binary '\0',NULL,' Chí',NULL,'0357896555',NULL,_binary '','20110614@student.hcmute.edu.vn','ROLE_STUDENT'),('20110615',NULL,'12/12/2002',NULL,'Lương Minh ',_binary '\0',NULL,'Chiến',NULL,'0352458999',NULL,_binary '','20110615@student.hcmute.edu.vn','ROLE_STUDENT'),('20110617',NULL,'12/12/2002',NULL,'Nguyễn Thanh  ',_binary '\0',NULL,'Danh',NULL,'0343998581',NULL,_binary '','20110617@student.hcmute.edu.vn','ROLE_STUDENT'),('20110618',NULL,'12/12/2002',NULL,'Trần Ngô Bích ',_binary '',NULL,'Du',NULL,'0352458999',NULL,_binary '','20110618@student.hcmute.edu.vn','ROLE_STUDENT'),('20110620',NULL,'12/12/2002',NULL,'Đỗ Minh ',_binary '\0',NULL,'Dũng',NULL,'0352458999',NULL,_binary '','20110620@student.hcmute.edu.vn','ROLE_STUDENT'),('20110622',NULL,'03/10/2001',NULL,'Phạm Tiến ',_binary '\0',NULL,'Dũng',NULL,'0357896555',NULL,_binary '','20110622@student.hcmute.edu.vn','ROLE_STUDENT'),('20110623',NULL,'03/12/2002',NULL,' Bùi Thanh ',_binary '\0',NULL,'Duy',NULL,'0344498587',NULL,_binary '','20110623@student.hcmute.edu.vn','ROLE_STUDENT'),('20110624',NULL,'12/12/2002',NULL,'Nguyễn Khắc ',_binary '\0',NULL,'Duy',NULL,'0352458999',NULL,_binary '','20110624@student.hcmute.edu.vn','ROLE_STUDENT'),('20110625',NULL,'22/10/2002',NULL,'Nguyễn Ngọc',_binary '\0',NULL,'Duy',NULL,'0357896555',NULL,_binary '','20110625@student.hcmute.edu.vn','ROLE_STUDENT'),('20110627',NULL,'12/12/2002',NULL,'Nguyễn Khắc  ',_binary '\0',NULL,'Dương',NULL,'0343998581',NULL,_binary '','20110627@student.hcmute.edu.vn','ROLE_STUDENT'),('20110628',NULL,'03/10/2001',NULL,'Lê Huỳnh Thanh ',_binary '\0',NULL,'Dưỡng',NULL,'0357896555',NULL,_binary '','20110628@student.hcmute.edu.vn','ROLE_STUDENT'),('20110629',NULL,'12/12/2002',NULL,'Đặng Nguyễn Thiên ',_binary '\0',NULL,'Đạt',NULL,'0352458999',NULL,_binary '','20110629@student.hcmute.edu.vn','ROLE_STUDENT'),('20110630',NULL,'22/10/2002',NULL,'Nguyễn Hữu',_binary '\0',NULL,'  Đạt',NULL,'0357896555',NULL,_binary '','20110630@student.hcmute.edu.vn','ROLE_STUDENT'),('20110632',NULL,'22/10/2002',NULL,'Nguyễn Duy',_binary '\0',NULL,'   Đăng',NULL,'0357896555',NULL,_binary '','20110632@student.hcmute.edu.vn','ROLE_STUDENT'),('20110633',NULL,'12/12/2002',NULL,'Bùi Quốc ',_binary '\0',NULL,'Định',NULL,'0357896541',NULL,_binary '','20110633@student.hcmute.edu.vn','ROLE_STUDENT'),('20110634',NULL,'12/12/2002',NULL,'Lê Văn Anh ',_binary '\0',NULL,'Đức',NULL,'0343998581',NULL,_binary '','20110634@student.hcmute.edu.vn','ROLE_STUDENT'),('20110635',NULL,'12/12/2002',NULL,'Võ Văn ',_binary '\0',NULL,'Đức',NULL,'0352458999',NULL,_binary '','20110635@student.hcmute.edu.vn','ROLE_STUDENT'),('20110639',NULL,'12/12/2002',NULL,'Nguyễn Ngọc ',_binary '\0',NULL,'Hải',NULL,'0343998581',NULL,_binary '','20110639@student.hcmute.edu.vn','ROLE_STUDENT'),('20110640',NULL,'12/12/2002',NULL,'Trần Đình ',_binary '\0',NULL,'Hải',NULL,'0343998581',NULL,_binary '','20110640@student.hcmute.edu.vn','ROLE_STUDENT'),('20110641',NULL,'12/12/2002',NULL,'Đoàn Võ Nhựt ',_binary '\0',NULL,'Hào',NULL,'0352458999',NULL,_binary '','20110641@student.hcmute.edu.vn','ROLE_STUDENT'),('20110642',NULL,'22/10/2002',NULL,'Nguyễn Văn ',_binary '\0',NULL,'Lâm',NULL,'0357896555',NULL,_binary '','20110642@student.hcmute.edu.vn','ROLE_STUDENT'),('20110643',NULL,'22/10/2002',NULL,'Nguyễn Đức ',_binary '\0',NULL,'  Hiển',NULL,'0357896555',NULL,_binary '','20110643@student.hcmute.edu.vn','ROLE_STUDENT'),('20110646',NULL,'12/12/2002',NULL,'Chau Chhin ',_binary '\0',NULL,'Hua',NULL,'0343998581',NULL,_binary '','20110646@student.hcmute.edu.vn','ROLE_STUDENT'),('20110647',NULL,'22/10/2002',NULL,'Nguyễn Sinh',_binary '\0',NULL,' Hùng',NULL,'0357896555',NULL,_binary '','20110647@student.hcmute.edu.vn','ROLE_STUDENT'),('20110649',NULL,'22/10/2002',NULL,'Mai Bảo ',_binary '\0',NULL,'Huy',NULL,'0357896555',NULL,_binary '','20110649@student.hcmute.edu.vn','ROLE_STUDENT'),('20110650',NULL,'22/10/2002',NULL,'Ngô Diệp Quang ',_binary '\0',NULL,'Huy',NULL,'0357896555',NULL,_binary '','20110650@student.hcmute.edu.vn','ROLE_STUDENT'),('20110651',NULL,'12/12/2002',NULL,'Nguyễn Khắc Quang ',_binary '\0',NULL,'Huy',NULL,'0352458999',NULL,_binary '','20110651@student.hcmute.edu.vn','ROLE_STUDENT'),('20110652',NULL,'22/10/2002',NULL,'Phan Quan ',_binary '\0',NULL,'Huy',NULL,'0357896555',NULL,_binary '','20110652@student.hcmute.edu.vn','ROLE_STUDENT'),('20110653',NULL,'12/12/2002',NULL,'Phạm Quang ',_binary '\0',NULL,'Huy',NULL,'0352458999',NULL,_binary '','20110653@student.hcmute.edu.vn','ROLE_STUDENT'),('20110655',NULL,'22/10/2002',NULL,'Nguyễn Đức',_binary '\0',NULL,'  Khải',NULL,'0357896555',NULL,_binary '','20110655@student.hcmute.edu.vn','ROLE_STUDENT'),('20110656',NULL,'12/12/2002',NULL,'Dương Vĩ',_binary '\0',NULL,'Khang',NULL,'0343998581',NULL,_binary '','20110656@student.hcmute.edu.vn','ROLE_STUDENT'),('20110657',NULL,'12/12/2002',NULL,'Hà Vĩ ',_binary '\0',NULL,'Khang',NULL,'0352458999',NULL,_binary '','20110657@student.hcmute.edu.vn','ROLE_STUDENT'),('20110658',NULL,'03/04/2002',NULL,'Nguyễn Hưng',_binary '\0',NULL,'Khang',NULL,'0343998288',NULL,_binary '','20110658@student.hcmute.edu.vn','ROLE_STUDENT'),('20110660',NULL,'22/10/2002',NULL,'Trần Quang',_binary '\0',NULL,'Khánh',NULL,'0357896555',NULL,_binary '','20110660@student.hcmute.edu.vn','ROLE_STUDENT'),('20110661',NULL,'12/12/2002',NULL,'Lê Duy ',_binary '\0',NULL,'Khiêm',NULL,'0357896541',NULL,_binary '','20110661@student.hcmute.edu.vn','ROLE_STUDENT'),('20110662',NULL,'22/10/2002',NULL,'Nguyễn Huỳnh',_binary '\0',NULL,' Khoa',NULL,'0357896555',NULL,_binary '','20110662@student.hcmute.edu.vn','ROLE_STUDENT'),('20110663',NULL,'12/12/2002',NULL,'Huỳnh Tấn ',_binary '\0',NULL,'Khôi',NULL,'0343998581',NULL,_binary '','20110663@student.hcmute.edu.vn','ROLE_STUDENT'),('20110664',NULL,'12/12/2002',NULL,'Lê Anh ',_binary '\0',NULL,'Kiệt',NULL,'0352458999',NULL,_binary '','20110664@student.hcmute.edu.vn','ROLE_STUDENT'),('20110665',NULL,'22/10/2002',NULL,'Trần Văn',_binary '\0',NULL,' Kiệt',NULL,'0357896555',NULL,_binary '','20110665@student.hcmute.edu.vn','ROLE_STUDENT'),('20110666',NULL,'22/10/2002',NULL,'Đỗ Thị Mỹ',_binary '',NULL,' Lan',NULL,'0357896555',NULL,_binary '','20110666@student.hcmute.edu.vn','ROLE_STUDENT'),('20110667',NULL,'12/12/2002',NULL,'Hồ Hà Thanh ',_binary '\0',NULL,'Lâm',NULL,'0352458999',NULL,_binary '','20110667@student.hcmute.edu.vn','ROLE_STUDENT'),('20110669',NULL,'12/12/2002',NULL,'Đỗ Nguyễn Tấn ',_binary '\0',NULL,'Linh',NULL,'0352458999',NULL,_binary '','20110669@student.hcmute.edu.vn','ROLE_STUDENT'),('20110670',NULL,'12/12/2002',NULL,'Đỗ Phi ',_binary '\0',NULL,'Long',NULL,'0343998581',NULL,_binary '','20110670@student.hcmute.edu.vn','ROLE_STUDENT'),('20110671',NULL,'12/12/2002',NULL,'Bùi Bá ',_binary '\0',NULL,'Lộc',NULL,'0352458999',NULL,_binary '','20110671@student.hcmute.edu.vn','ROLE_STUDENT'),('20110672',NULL,'12/12/2002',NULL,'Lê Phạm Bảo ',_binary '\0',NULL,'Lộc',NULL,'0343998581',NULL,_binary '','20110672@student.hcmute.edu.vn','ROLE_STUDENT'),('20110673',NULL,'22/10/2002',NULL,'Phan Lê Minh ',_binary '\0',NULL,'Lộc',NULL,'0357896555',NULL,_binary '','20110673@student.hcmute.edu.vn','ROLE_STUDENT'),('20110674',NULL,'12/12/2002',NULL,'Nguyễn Thành ',_binary '\0',NULL,'Lợi',NULL,'0343998581',NULL,_binary '','20110674@student.hcmute.edu.vn','ROLE_STUDENT'),('20110675',NULL,'12/12/2002',NULL,'Lý Thế ',_binary '\0',NULL,'Luân',NULL,'0343998581',NULL,_binary '','20110675@student.hcmute.edu.vn','ROLE_STUDENT'),('20110676',NULL,'22/10/2002',NULL,'Phạm Nhật ',_binary '\0',NULL,'Minh',NULL,'0357896555',NULL,_binary '','20110676@student.hcmute.edu.vn','ROLE_STUDENT'),('20110678',_binary '','Fri Feb 22 00:00:00 ICT 2002',NULL,'Nguyễn Thị',_binary '',NULL,'Na',NULL,'0358954762',NULL,_binary '','20110678@student.hcmute.edu.vn','ROLE_ADMIN'),('20110680',NULL,'12/12/2002',NULL,'Võ Giang ',_binary '\0',NULL,'Nam',NULL,'0343998581',NULL,_binary '','20110680@student.hcmute.edu.vn','ROLE_STUDENT'),('20110683',NULL,'22/10/2002',NULL,'Nguyễn Khắc',_binary '\0',NULL,'Nghĩa ',NULL,'0357896555',NULL,_binary '','20110683@student.hcmute.edu.vn','ROLE_STUDENT'),('20110684',NULL,'12/12/2002',NULL,'Võ Văn ',_binary '\0',NULL,'Nghĩa',NULL,'0352458999',NULL,_binary '','20110684@student.hcmute.edu.vn','ROLE_STUDENT'),('20110685',NULL,'12/12/2002',NULL,'Trần Văn ',_binary '\0',NULL,'Nguyên',NULL,'0343998581',NULL,_binary '','20110685@student.hcmute.edu.vn','ROLE_STUDENT'),('20110687',NULL,'12/12/2002',NULL,'Hoàng Công Thành ',_binary '\0',NULL,'Nhân',NULL,'0352458999',NULL,_binary '','20110687@student.hcmute.edu.vn','ROLE_STUDENT'),('20110688',NULL,'12/12/2002',NULL,'Lâm Phạm Thành ',_binary '\0',NULL,'Nhân',NULL,'0352458999',NULL,_binary '','20110688@student.hcmute.edu.vn','ROLE_STUDENT'),('20110689',NULL,'22/10/2002',NULL,'Lê Anh ',_binary '\0',NULL,' Nhân',NULL,'0357896555',NULL,_binary '','20110689@student.hcmute.edu.vn','ROLE_STUDENT'),('20110690',NULL,'22/10/2002',NULL,'Nguyễn Trương',_binary '\0',NULL,' Nhân',NULL,'0357896555',NULL,_binary '','20110690@student.hcmute.edu.vn','ROLE_STUDENT'),('20110692',NULL,'16/08/2002',NULL,'Lý Hồng ',_binary '\0',NULL,' Phát',NULL,'0358442454',NULL,_binary '','20110692@student.hcmute.edu.vn','ROLE_STUDENT'),('20110695',NULL,'22/10/2002',NULL,'Trần Huỳnh Tấn ',_binary '\0',NULL,'Phát',NULL,'0357896555',NULL,_binary '','20110695@student.hcmute.edu.vn','ROLE_STUDENT'),('20110696',NULL,'03/07/2001',NULL,'Nguyễn Phong ',_binary '\0',NULL,'Phú',NULL,'0343998581',NULL,_binary '','20110696@student.hcmute.edu.vn','ROLE_STUDENT'),('20110697',NULL,'12/12/2002',NULL,'Ôn Gia ',_binary '\0',NULL,'Phú',NULL,'0352458999',NULL,_binary '','20110697@student.hcmute.edu.vn','ROLE_STUDENT'),('20110700',NULL,'12/12/2002',NULL,'Trịnh Hoàng ',_binary '\0',NULL,'Phúc',NULL,'0352458999',NULL,_binary '','20110700@student.hcmute.edu.vn','ROLE_STUDENT'),('20110701',NULL,'22/10/2002',NULL,'Bùi Văn Hữu',_binary '\0',NULL,' Phước',NULL,'0357896555',NULL,_binary '','20110701@student.hcmute.edu.vn','ROLE_STUDENT'),('20110702',NULL,'12/12/2002',NULL,'Nguyễn Bá ',_binary '\0',NULL,'Phước',NULL,'0352458999',NULL,_binary '','20110702@student.hcmute.edu.vn','ROLE_STUDENT'),('20110704',NULL,'12/12/2002',NULL,'Trần Minh ',_binary '\0',NULL,'Quang',NULL,'0343998581',NULL,_binary '','20110704@student.hcmute.edu.vn','ROLE_STUDENT'),('20110705',NULL,'22/10/2002',NULL,'Nguyễn Vũ Minh',_binary '\0',NULL,'Quân',NULL,'0357896555',NULL,_binary '','20110705@student.hcmute.edu.vn','ROLE_STUDENT'),('20110706',NULL,'22/10/2002',NULL,'Phạm Thị Nguyệt',_binary '',NULL,'Quế',NULL,'0357896555',NULL,_binary '','20110706@student.hcmute.edu.vn','ROLE_STUDENT'),('20110707',NULL,'12/12/2002',NULL,'Huỳnh Văn ',_binary '\0',NULL,'Quới',NULL,'0357896541',NULL,_binary '','20110707@student.hcmute.edu.vn','ROLE_STUDENT'),('20110708',NULL,'12/12/2002',NULL,'Lại Văn ',_binary '\0',NULL,'Quý',NULL,'0352458999',NULL,_binary '','20110708@student.hcmute.edu.vn','ROLE_STUDENT'),('20110709',NULL,'12/12/2002',NULL,'Võ Ngọc ',_binary '\0',NULL,'Quý',NULL,'0352458999',NULL,_binary '','20110709@student.hcmute.edu.vn','ROLE_STUDENT'),('20110710',NULL,'12/12/2002',NULL,'Nguyễn Thanh ',_binary '\0',NULL,'Sang',NULL,'0352458999',NULL,_binary '','20110710@student.hcmute.edu.vn','ROLE_STUDENT'),('20110711',NULL,'22/10/2002',NULL,'Nguyễn Văn',_binary '\0',NULL,'Sang',NULL,'0357896555',NULL,_binary '','20110711@student.hcmute.edu.vn','ROLE_STUDENT'),('20110712',NULL,'12/12/2002',NULL,'Hứa Lộc ',_binary '\0',NULL,'Sơn',NULL,'0352458999',NULL,_binary '','20110712@student.hcmute.edu.vn','ROLE_STUDENT'),('20110713',NULL,'12/12/2002',NULL,'Nguyễn Minh ',_binary '\0',NULL,'Sơn',NULL,'0352458999',NULL,_binary '','20110713@student.hcmute.edu.vn','ROLE_STUDENT'),('20110714',NULL,'22/10/2002',NULL,'Phan Hoàng Thanh             ',_binary '\0',NULL,'Sơn',NULL,'0357896555',NULL,_binary '','20110714@student.hcmute.edu.vn','ROLE_STUDENT'),('20110715',NULL,'12/12/2002',NULL,'Nguyễn Tiến ',_binary '\0',NULL,'Sỹ',NULL,'0343998581',NULL,_binary '','20110715@student.hcmute.edu.vn','ROLE_STUDENT'),('20110716',NULL,'12/12/2002',NULL,'Bùi Anh ',_binary '\0',NULL,'Tài',NULL,'0352458999',NULL,_binary '','20110716@student.hcmute.edu.vn','ROLE_STUDENT'),('20110718',NULL,'12/12/2002',NULL,'Võ Duy ',_binary '\0',NULL,'Tạo',NULL,'0352458999',NULL,_binary '','20110718@student.hcmute.edu.vn','ROLE_STUDENT'),('20110719',NULL,'12/12/2002',NULL,'Nguyễn Thái Ngọc ',_binary '\0',NULL,'Tân',NULL,'0352458999',NULL,_binary '','20110719@student.hcmute.edu.vn','ROLE_STUDENT'),('20110720',NULL,'03/04/2002',NULL,'Chau Sóc ',_binary '\0',NULL,'Thái',NULL,'0343998789',NULL,_binary '','20110720@student.hcmute.edu.vn','ROLE_STUDENT'),('20110722',NULL,'12/12/2002',NULL,'Văn Bá Trung ',_binary '\0',NULL,'Thành',NULL,'0352458999',NULL,_binary '','20110722@student.hcmute.edu.vn','ROLE_STUDENT'),('20110724',NULL,'22/10/2002',NULL,'Lương Xuân ',_binary '\0',NULL,'Thắng',NULL,'0357896555',NULL,_binary '','20110724@student.hcmute.edu.vn','ROLE_STUDENT'),('20110725',NULL,'12/12/2002',NULL,'Nguyễn Hữu ',_binary '\0',NULL,'Thắng',NULL,'0352458999',NULL,_binary '','20110725@student.hcmute.edu.vn','ROLE_STUDENT'),('20110727',NULL,'22/10/2002',NULL,'Nguyễn Ngọc ',_binary '\0',NULL,'Thắng',NULL,'0357896555',NULL,_binary '','20110727@student.hcmute.edu.vn','ROLE_STUDENT'),('20110728',NULL,'22/10/2002',NULL,'Phạm Ngọc',_binary '\0',NULL,' Thắng',NULL,'0357896555',NULL,_binary '','20110728@student.hcmute.edu.vn','ROLE_STUDENT'),('20110729',NULL,'03/10/2001',NULL,'Nguyễn Đức ',_binary '\0',NULL,'Thịnh',NULL,'0357896555',NULL,_binary '','20110729@student.hcmute.edu.vn','ROLE_STUDENT'),('20110730',NULL,'12/12/2002',NULL,'Nịnh Đức ',_binary '\0',NULL,'Thọ',NULL,'0352458999',NULL,_binary '','20110730@student.hcmute.edu.vn','ROLE_STUDENT'),('20110732',NULL,'22/10/2002',NULL,'Nguyễn Văn',_binary '\0',NULL,'Thuận',NULL,'0357896555',NULL,_binary '','20110732@student.hcmute.edu.vn','ROLE_STUDENT'),('20110734',NULL,'22/10/2002',NULL,'Đặng Hữu ',_binary '\0',NULL,'Tiến',NULL,'0357896555',NULL,_binary '','20110734@student.hcmute.edu.vn','ROLE_STUDENT'),('20110736',NULL,'12/12/2002',NULL,'Trần Lê Minh ',_binary '\0',NULL,'Tiến',NULL,'0352458999',NULL,_binary '','20110736@student.hcmute.edu.vn','ROLE_STUDENT'),('20110737',NULL,'22/10/2002',NULL,'Bùi Quốc',_binary '\0',NULL,'Tĩnh',NULL,'0357896555',NULL,_binary '','20110737@student.hcmute.edu.vn','ROLE_STUDENT'),('20110738',NULL,'22/10/2002',NULL,'Đinh Văn',_binary '\0',NULL,' Toàn',NULL,'0357896555',NULL,_binary '','20110738@student.hcmute.edu.vn','ROLE_STUDENT'),('20110739',NULL,'22/10/2002',NULL,'Nguyễn Hoàng ',_binary '\0',NULL,'Toàn',NULL,'0357896555',NULL,_binary '','20110739@student.hcmute.edu.vn','ROLE_STUDENT'),('20110740',NULL,'12/12/2002',NULL,'Nguyễn Quốc ',_binary '\0',NULL,'Toàn',NULL,'0343998581',NULL,_binary '','20110740@student.hcmute.edu.vn','ROLE_STUDENT'),('20110741',NULL,'12/12/2002',NULL,'Nguyễn Minh',_binary '\0',NULL,'Tú',NULL,'0352458999',NULL,_binary '','20110741@student.hcmute.edu.vn','ROLE_STUDENT'),('20110743',NULL,'12/12/2002',NULL,'Đỗ Dương Thái ',_binary '\0',NULL,'Tuấn',NULL,'0352458999',NULL,_binary '','20110743@student.hcmute.edu.vn','ROLE_STUDENT'),('20110744',NULL,'22/10/2002',NULL,'Nguyễn Văn Quốc ',_binary '\0',NULL,'Tuấn',NULL,'0357896555',NULL,_binary '','20110744@student.hcmute.edu.vn','ROLE_STUDENT'),('20110746',NULL,'22/10/2002',NULL,'Lê Quang',_binary '\0',NULL,'  Tùng',NULL,'0357896555',NULL,_binary '','20110746@student.hcmute.edu.vn','ROLE_STUDENT'),('20110747',NULL,'12/12/2002',NULL,'Nguyễn Thiện ',_binary '\0',NULL,'Tuyến',NULL,'0352458999',NULL,_binary '','20110747@student.hcmute.edu.vn','ROLE_STUDENT'),('20110748',NULL,'12/12/2002',NULL,'Nguyễn Ngọc Tuyết ',_binary '',NULL,'Vi',NULL,'0352458999',NULL,_binary '','20110748@student.hcmute.edu.vn','ROLE_STUDENT'),('20110751',NULL,'12/12/2002',NULL,'Hoàng Nhất ',_binary '\0',NULL,'Vũ',NULL,'0352458999',NULL,_binary '','20110751@student.hcmute.edu.vn','ROLE_STUDENT'),('20110752',NULL,'12/12/2002',NULL,'Trần Thế ',_binary '\0',NULL,'Vỹ',NULL,'0352458999',NULL,_binary '','20110752@student.hcmute.edu.vn','ROLE_STUDENT'),('20110753',_binary '','Tue Apr 03 00:00:00 ICT 2001',NULL,'Nguyễn Thị Thùy ',_binary '',NULL,'Trang',NULL,'0352458488',NULL,_binary '','20110753@student.hcmute.edu.vn','ROLE_STUDENT'),('20110754',NULL,'22/10/2002',NULL,'Nguyễn Hữu',_binary '\0',NULL,'Trọng',NULL,'0357896555',NULL,_binary '','20110754@student.hcmute.edu.vn','ROLE_STUDENT'),('20110756',NULL,'12/12/2002',NULL,'Phạm Nguyễn Nhựt ',_binary '\0',NULL,'Trường',NULL,'0352458999',NULL,_binary '','20110756@student.hcmute.edu.vn','ROLE_STUDENT'),('20110999',_binary '','12/12/2002',NULL,'Tran Bich',_binary '',NULL,'Phung',NULL,'0987654321',NULL,_binary '\0','20110999@gmail.com','ROLE_STUDENT'),('20119316',NULL,'03/10/2002',NULL,'Lê Khánh ',_binary '\0',NULL,'An',NULL,'0352489666',NULL,_binary '','20119316@student.hcmute.edu.vn','ROLE_STUDENT'),('20119339',NULL,'12/12/2002',NULL,'Hồ Xuân ',_binary '\0',NULL,'Hiếu',NULL,'0357896555',NULL,_binary '','20119339@student.hcmute.edu.vn','ROLE_STUDENT'),('20126087',NULL,'03/10/2002',NULL,'Cao Huỳnh Bảo ',_binary '\0',NULL,'An',NULL,'0357896541',NULL,_binary '','20126087@student.hcmute.edu.vn','ROLE_STUDENT'),('20133008',NULL,'09/04/2002',NULL,'Hoàng',_binary '',NULL,'Uyên',NULL,'0352489666',NULL,_binary '','20133008@student.hcmute.edu.vn','ROLE_STUDENT'),('20142004',NULL,'03/10/2002',NULL,'Phan Hoàng ',_binary '\0',NULL,'Khải',NULL,'0357896541',NULL,_binary '','20142004@student.hcmute.edu.vn','ROLE_STUDENT'),('20142498',NULL,'03/10/2002',NULL,'Nguyễn Đình ',_binary '\0',NULL,'Hiếu',NULL,'0352489666',NULL,_binary '','20142498@student.hcmute.edu.vn','ROLE_STUDENT'),('20142557',NULL,'03/10/2002',NULL,'Nguyễn Trường ',_binary '\0',NULL,'Phúc',NULL,'0357896541',NULL,_binary '','20142557@student.hcmute.edu.vn','ROLE_STUDENT'),('20144428',NULL,'03/10/2002',NULL,'Võ Phương ',_binary '\0',NULL,'Nam',NULL,'0352489666',NULL,_binary '','20144428@student.hcmute.edu.vn','ROLE_STUDENT'),('20145267',NULL,'12/12/2002',NULL,'Đỗ Ngọc Duy ',_binary '\0',NULL,'Hưng',NULL,'0357896555',NULL,_binary '','20145267@student.hcmute.edu.vn','ROLE_STUDENT'),('20151592',NULL,'03/10/2002',NULL,'Nguyễn Cao Hồng ',_binary '\0',NULL,'Vinh',NULL,'0357896541',NULL,_binary '','20151592@student.hcmute.edu.vn','ROLE_STUDENT'),('20161051',NULL,'12/12/2002',NULL,'Nguyễn Hoàng',_binary '\0',NULL,' Hải',NULL,'0357896555',NULL,_binary '','20161051@student.hcmute.edu.vn','ROLE_STUDENT'),('20161332',NULL,'12/12/2002',NULL,'Hồ Thái ',_binary '\0',NULL,'Long',NULL,'0357896555',NULL,_binary '','20161332@student.hcmute.edu.vn','ROLE_STUDENT'),('20161385',NULL,'12/12/2002',NULL,'Huỳnh Bảo ',_binary '\0',NULL,'Toàn',NULL,'0352458999',NULL,_binary '','20161385@student.hcmute.edu.vn','ROLE_STUDENT'),('20161388',NULL,'03/10/2002',NULL,'Nguyễn Tuấn ',_binary '\0',NULL,'Trung',NULL,'0357896541',NULL,_binary '','20161388@student.hcmute.edu.vn','ROLE_STUDENT'),('2149',NULL,'12/12/1990',NULL,'Nguyễn Thành ',_binary '\0',NULL,'Sơn',NULL,'0358442666',NULL,_binary '','sonnt@hcmute.edu.vn','ROLE_LECTURER'),('2150',NULL,'12/12/1990',NULL,'Nguyễn Minh ',_binary '\0',NULL,'Đạo',NULL,'0358442521',NULL,_binary '','daonm@hcmute.edu.vn','ROLE_LECTURER'),('3952',NULL,'12/12/1990',NULL,'Huỳnh Xuân',_binary '\0',NULL,'Phụng',NULL,'0357896555',NULL,_binary '','phunghx@hcmute.edu.vn','ROLE_HEAD'),('3995',NULL,'12/12/1990',NULL,'Lê Thị Minh',_binary '',NULL,'Châu',NULL,'0358442879',NULL,_binary '','chaultm@hcmute.edu.vn','ROLE_LECTURER'),('5030',NULL,'Tue Apr 03 00:00:00 ICT 1990',NULL,'Nguyễn Thủy',_binary '',NULL,'An',NULL,'0358442521',NULL,_binary '','annt@hcmute.edu.vn','ROLE_LECTURER'),('6078',NULL,'12/12/1990',NULL,'Trương Thị Khánh',_binary '',NULL,'Dịp',NULL,'0358442521',NULL,_binary '','dipttk@hcmute.edu.vn','ROLE_LECTURER'),('6252',NULL,'12/12/1990',NULL,'Nguyễn Văn ',_binary '\0',NULL,'Thành',NULL,'0358442858',NULL,_binary '','thanhnv@hcmute.edu.vn','ROLE_LECTURER'),('877bca0e-4446-44eb-83e2-a773b3850eba',_binary '',NULL,NULL,NULL,_binary '\0',NULL,NULL,NULL,'0352145245',NULL,_binary '\0','phamthituoi251@gmail.com','ROLE_GUEST'),('9513',NULL,'12/12/1990',NULL,'Nguyễn Trần Thi ',_binary '\0',NULL,'Văn',NULL,'0358442521',NULL,_binary '','vanntt@hcmute.edu.vn','ROLE_LECTURER'),('9732',NULL,'12/12/1990',NULL,'Nguyễn Hữu',_binary '\0',NULL,'Trung',NULL,'0358442521',NULL,_binary '','trungnh@hcmute.edu.vn','ROLE_LECTURER'),('AD001',_binary '','Mon Mar 01 00:00:00 ICT 1999',NULL,'Trần Minh',_binary '',NULL,'Anh',NULL,'0355539992',NULL,_binary '','minhanhit0304@gmail.com','ROLE_ADMIN'),('d766cd94-d296-4f0b-a023-000ec269a2e3',_binary '',NULL,NULL,NULL,_binary '\0',NULL,NULL,NULL,NULL,NULL,_binary '\0','nholon0905@gmail.com','ROLE_GUEST'),('GV001',_binary '','Mon Apr 03 00:00:00 ICT 1995',NULL,'Nguyễn Hữu',_binary '\0',NULL,'Thuận',NULL,'0354856987',NULL,_binary '','thuytrangh4chuyen@gmail.com','ROLE_LECTURER'),('GV002',_binary '','Mon Apr 03 00:00:00 ICT 1995',NULL,'Nguyễn Huỳnh Anh',_binary '',NULL,'Thư',NULL,'0358426698',NULL,_binary '','nna9220@gmail.com','ROLE_HEAD'),('GV003',_binary '','Fri Dec 22 00:00:00 ICT 1995',NULL,'Nguyễn Thanh',_binary '\0',NULL,'Hải',NULL,'0233524455',NULL,_binary '','nguyenthuan2007bl@gmail.com','ROLE_HEAD'),('GV006',NULL,'12/12/1990',NULL,'Trần Thanh',_binary '',NULL,'Tâm',NULL,'0352458999',NULL,_binary '\0','tamtt@hcmute.edu.vn','ROLE_LECTURER'),('GV007',NULL,'12/12/1992',NULL,'Lê Anh',_binary '\0',NULL,'Khoa',NULL,'0358443456',NULL,_binary '','khoala@hcmute.edu.vn','ROLE_HEAD'),('linhle',NULL,'03/04/1992',NULL,'Lê',_binary '',NULL,'Linh',NULL,'0357896541',NULL,_binary '\0','linhle941999@gmail.com','ROLE_LECTURER');
/*!40000 ALTER TABLE `person` ENABLE KEYS */;
UNLOCK TABLES;

--
-- Dumping data for table `register_period`
--

LOCK TABLES `register_period` WRITE;
/*!40000 ALTER TABLE `register_period` DISABLE KEYS */;
INSERT INTO `register_period` VALUES (3,'Đợt 1','2024-12-05 00:00:00','2023-01-01 00:00:00',1),(4,'Đợt 2','2023-12-20 20:11:25','2023-12-05 20:11:25',1);
/*!40000 ALTER TABLE `register_period` ENABLE KEYS */;
UNLOCK TABLES;

--
-- Dumping data for table `register_period_lecturer`
--

LOCK TABLES `register_period_lecturer` WRITE;
/*!40000 ALTER TABLE `register_period_lecturer` DISABLE KEYS */;
INSERT INTO `register_period_lecturer` VALUES (1,'Đợt 1','2025-01-12 20:11:41','2024-01-12 20:11:41',1),(2,'Đợt 2','2024-01-12 20:11:41','2025-06-12 20:11:41',1);
/*!40000 ALTER TABLE `register_period_lecturer` ENABLE KEYS */;
UNLOCK TABLES;

--
-- Dumping data for table `roles`
--

LOCK TABLES `roles` WRITE;
/*!40000 ALTER TABLE `roles` DISABLE KEYS */;
/*!40000 ALTER TABLE `roles` ENABLE KEYS */;
UNLOCK TABLES;

--
-- Dumping data for table `school_year`
--

LOCK TABLES `school_year` WRITE;
/*!40000 ALTER TABLE `school_year` DISABLE KEYS */;
INSERT INTO `school_year` VALUES (1,'2018-2022'),(2,'2019-2023'),(3,'2020-2024'),(4,'2021-2025'),(5,'2022-2026'),(6,'2023-2027'),(7,'2020-2024'),(8,'2024-2028'),(9,'2025-2029'),(10,'1999-2003'),(13,'2017-2021');
/*!40000 ALTER TABLE `school_year` ENABLE KEYS */;
UNLOCK TABLES;

--
-- Dumping data for table `student`
--

LOCK TABLES `student` WRITE;
/*!40000 ALTER TABLE `student` DISABLE KEYS */;
INSERT INTO `student` VALUES ('1','CongNghePhanMem',8,19,NULL,NULL),('16110055','CLC',3,16,NULL,NULL),('17110124','CLC',3,16,NULL,NULL),('17110295','AnToanThongTin',13,12,NULL,NULL),('17110348','CongNghePhanMem',13,12,NULL,NULL),('18110110','CLC',1,20,NULL,NULL),('18110191','CLC',1,20,NULL,NULL),('18110208','CLC',1,20,NULL,NULL),('18110215','CLC',1,20,NULL,NULL),('19110017','CLC',2,19,NULL,NULL),('19110038','CLC',2,19,NULL,NULL),('19110074','AnToanThongTin',2,1,NULL,NULL),('19110130','CLC',3,16,NULL,NULL),('19110159','CLC',2,19,NULL,NULL),('19110161','CLC',2,19,NULL,NULL),('19110164','CLC',2,19,NULL,NULL),('19110192','AnToanThongTin',2,1,NULL,133),('19110204','CLC',2,19,NULL,NULL),('19110205','CLC',2,19,NULL,NULL),('19110218','CLC',3,15,NULL,NULL),('19110220','CLC',2,19,NULL,NULL),('19110234','CLC',2,19,NULL,NULL),('19110238','CLC',2,19,NULL,NULL),('19110243','CLC',2,19,NULL,NULL),('19110245','CLC',2,19,NULL,NULL),('19110246','CLC',2,19,NULL,NULL),('19110257','CLC',2,19,NULL,NULL),('19110274','CLC',2,19,NULL,NULL),('19110285','CLC',2,19,NULL,NULL),('19110294','CLC',2,19,NULL,NULL),('19110303','CLC',2,19,NULL,NULL),('19110311','CLC',2,19,NULL,NULL),('19110316','CLC',2,19,NULL,NULL),('19110331','CongNghePhanMem',3,6,NULL,NULL),('19110333','HeThongThongTin',2,9,NULL,69),('19110369','HeThongThongTin',2,9,NULL,69),('19110382','HeThongThongTin',2,1,NULL,66),('19110389','HeThongThongTin',2,9,NULL,70),('19110393','HeThongThongTin',2,1,NULL,68),('19110412','HeThongThongTin',2,1,NULL,68),('19110418','HeThongThongTin',2,1,NULL,66),('19110432','CongNghePhanMem',3,7,NULL,NULL),('19110457','HeThongThongTin',2,9,NULL,NULL),('19110460','CongNghePhanMem',2,1,NULL,NULL),('19110494','CongNghePhanMem',3,8,NULL,NULL),('19110496','HeThongThongTin',2,1,63,NULL),('19110509','CLC',2,19,NULL,NULL),('19151241','CLC',2,19,NULL,NULL),('19161028','CLC',2,19,NULL,NULL),('19161232','CLC',3,16,NULL,NULL),('2','CongNghePhanMem',4,18,NULL,NULL),('20110042','CLC',3,16,NULL,NULL),('20110053','CLC',3,14,NULL,NULL),('20110055','CLC',3,15,NULL,NULL),('20110058','CLC',3,16,NULL,NULL),('20110069','CLC',3,14,NULL,NULL),('20110071','CLC',3,16,NULL,NULL),('20110072','CLC',3,18,NULL,NULL),('20110075','CLC',3,15,NULL,NULL),('20110081','CLC',3,17,NULL,NULL),('20110087','CLC',3,16,NULL,NULL),('20110091','CLC',3,15,NULL,NULL),('20110099','CLC',3,17,NULL,NULL),('20110100','CLC',3,16,NULL,NULL),('20110103','CLC',3,15,NULL,NULL),('20110120','CLC',3,14,NULL,NULL),('20110121','CLC',3,14,NULL,NULL),('20110127','CLC',3,14,NULL,NULL),('20110129','CLC',3,16,NULL,NULL),('20110132','CLC',3,16,NULL,NULL),('20110133','CLC',3,16,NULL,NULL),('20110135','CLC',2,15,NULL,NULL),('20110138','CLC',3,16,NULL,NULL),('20110141','CongNghePhanMem',3,7,NULL,NULL),('20110144','CongNghePhanMem',3,7,NULL,92),('20110147','CongNghePhanMem',3,4,NULL,NULL),('20110160','CongNghePhanMem',3,8,NULL,90),('20110169','CongNghePhanMem',3,8,NULL,88),('20110172','CongNghePhanMem',3,8,NULL,85),('20110174','CongNghePhanMem',3,4,NULL,NULL),('20110179','CongNghePhanMem',3,4,NULL,111),('20110188','CLC',3,17,NULL,NULL),('20110190','CongNghePhanMem',3,6,NULL,NULL),('20110193','CongNghePhanMem',3,4,NULL,NULL),('20110197','CongNghePhanMem',3,8,NULL,89),('20110201','CongNghePhanMem',3,7,NULL,90),('20110202','CongNghePhanMem',3,6,NULL,82),('20110205','CongNghePhanMem',3,6,NULL,NULL),('20110215','CongNghePhanMem',3,7,NULL,NULL),('20110216','CongNghePhanMem',3,4,NULL,NULL),('20110220','HeThongThongTin',3,2,NULL,72),('20110221','CongNghePhanMem',3,7,NULL,96),('20110222','AnToanThongTin',3,6,19,NULL),('20110223','CongNghePhanMem',3,4,NULL,60),('20110224','CongNghePhanMem',3,7,NULL,97),('20110225','CongNghePhanMem',7,3,18,NULL),('20110229','AnToanThongTin',3,5,NULL,NULL),('20110233','CongNghePhanMem',3,6,NULL,80),('20110234','CongNghePhanMem',3,4,NULL,NULL),('20110235','CongNghePhanMem',3,7,NULL,NULL),('20110237','CongNghePhanMem',3,7,NULL,75),('20110243','CongNghePhanMem',3,7,NULL,NULL),('20110244','CongNghePhanMem',3,8,NULL,87),('20110246','CongNghePhanMem',3,7,NULL,NULL),('20110248','CongNghePhanMem',3,5,NULL,NULL),('20110252','CongNghePhanMem',3,4,NULL,NULL),('20110254','HeThongThongTin',3,1,NULL,NULL),('20110256','CongNghePhanMem',3,4,NULL,104),('20110258','CongNghePhanMem',3,8,NULL,129),('20110261','CongNghePhanMem',3,7,NULL,65),('20110262','CongNghePhanMem',3,8,NULL,87),('20110263','CongNghePhanMem',3,4,NULL,NULL),('20110266','CongNghePhanMem',3,8,NULL,129),('20110267','CongNghePhanMem',3,7,NULL,NULL),('20110269','HeThongThongTin',3,1,64,NULL),('20110276','CongNghePhanMem',3,7,NULL,97),('20110277','CongNghePhanMem',3,4,NULL,102),('20110280','CongNghePhanMem',3,4,NULL,99),('20110281','CongNghePhanMem',3,7,NULL,76),('20110286','CongNghePhanMem',3,8,NULL,NULL),('20110297','CongNghePhanMem',3,4,NULL,61),('20110298','CongNghePhanMem',3,4,NULL,61),('20110299','CongNghePhanMem',3,6,NULL,83),('20110300','CongNghePhanMem',3,8,NULL,62),('20110301','CongNghePhanMem',3,4,NULL,62),('20110305','CongNghePhanMem',3,4,NULL,116),('20110306','CongNghePhanMem',3,8,NULL,62),('20110307','CongNghePhanMem',3,8,NULL,NULL),('20110313','CongNghePhanMem',3,5,NULL,NULL),('20110315','CongNghePhanMem',3,6,NULL,NULL),('20110322','CongNghePhanMem',3,7,NULL,94),('20110323','CongNghePhanMem',3,6,NULL,84),('20110324','CongNghePhanMem',3,7,NULL,NULL),('20110334','CLC',3,15,NULL,NULL),('20110335','CongNghePhanMem',3,7,NULL,NULL),('20110337','CongNghePhanMem',3,4,NULL,NULL),('20110408','CLC',3,16,NULL,NULL),('20110410','CLC',3,14,NULL,NULL),('20110434','CLC',3,18,NULL,NULL),('20110439','CLC',3,14,NULL,NULL),('20110440','CLC',3,16,NULL,NULL),('20110443','CLC',3,15,NULL,NULL),('20110447','CLC',3,17,NULL,NULL),('20110451','CLC',3,14,NULL,NULL),('20110453','CLC',3,15,NULL,NULL),('20110454','CLC',3,15,NULL,NULL),('20110455','CLC',3,16,NULL,NULL),('20110457','CLC',3,14,NULL,NULL),('20110458','CLC',3,15,NULL,NULL),('20110459','CLC',3,16,NULL,NULL),('20110461','CLC',3,18,NULL,NULL),('20110463','CLC',3,16,NULL,NULL),('20110465','CLC',3,14,NULL,NULL),('20110467','CLC',3,15,NULL,NULL),('20110468','CLC',3,17,NULL,NULL),('20110470','CLC',2,15,NULL,NULL),('20110471','CLC',3,14,NULL,NULL),('20110472','CLC',3,14,NULL,NULL),('20110473','CLC',3,17,NULL,NULL),('20110475','CLC',3,15,NULL,NULL),('20110479','CLC',3,15,NULL,NULL),('20110481','CLC',3,16,NULL,NULL),('20110482','CLC',3,15,NULL,NULL),('20110483','CLC',3,16,NULL,NULL),('20110485','CLC',3,16,NULL,NULL),('20110486','CLC',3,15,NULL,NULL),('20110487','CLC',3,17,NULL,NULL),('20110488','CLC',3,17,NULL,NULL),('20110489','CLC',3,14,NULL,NULL),('20110494','CLC',3,14,NULL,NULL),('20110496','CLC',3,16,NULL,NULL),('20110500','CLC',3,16,NULL,NULL),('20110502','CLC',3,17,NULL,NULL),('20110503','CLC',3,17,NULL,NULL),('20110504','CLC',3,14,NULL,NULL),('20110505','CLC',3,14,NULL,NULL),('20110506','CLC',3,16,NULL,NULL),('20110507','CLC',3,14,NULL,NULL),('20110508','CLC',3,18,NULL,NULL),('20110510','CLC',3,16,NULL,NULL),('20110514','CLC',3,14,NULL,NULL),('20110515','CLC',3,16,NULL,NULL),('20110516','CLC',3,16,NULL,NULL),('20110517','CLC',3,15,NULL,NULL),('20110520','CLC',3,16,NULL,NULL),('20110521','CLC',3,17,NULL,NULL),('20110523','CLC',3,15,NULL,NULL),('20110524','CLC',3,15,NULL,NULL),('20110526','CLC',3,14,NULL,NULL),('20110530','CLC',3,15,NULL,NULL),('20110532','CLC',3,15,NULL,NULL),('20110533','AnToanThongTin',3,1,NULL,131),('20110534','CLC',3,16,NULL,NULL),('20110535','CLC',3,18,NULL,NULL),('20110539','CLC',3,18,NULL,NULL),('20110540','CLC',3,14,NULL,NULL),('20110541','CLC',3,17,NULL,NULL),('20110544','CLC',3,15,NULL,NULL),('20110547','CLC',3,14,NULL,NULL),('20110548','CLC',3,17,NULL,NULL),('20110552','CLC',3,16,NULL,NULL),('20110556','CLC',3,15,NULL,NULL),('20110557','CLC',3,16,NULL,NULL),('20110558','AnToanThongTin',3,1,NULL,131),('20110559','CLC',3,16,NULL,NULL),('20110560','CLC',3,14,NULL,NULL),('20110564','CLC',3,17,NULL,NULL),('20110565','CLC',3,15,NULL,NULL),('20110567','CLC',3,17,NULL,NULL),('20110568','CLC',3,16,NULL,NULL),('20110572','CLC',3,17,NULL,NULL),('20110573','CLC',3,15,NULL,NULL),('20110576','CLC',3,16,NULL,NULL),('20110577','CLC',3,16,NULL,NULL),('20110578','CLC',3,14,NULL,NULL),('20110580','CLC',3,17,NULL,NULL),('20110587','CLC',3,14,NULL,NULL),('20110588','CLC',3,14,NULL,NULL),('20110590','CLC',3,17,NULL,NULL),('20110594','CLC',3,15,NULL,NULL),('20110597','CLC',3,16,NULL,NULL),('20110598','CLC',3,15,NULL,NULL),('20110599','CLC',3,14,NULL,NULL),('20110601','AnToanThongTin',3,1,NULL,132),('20110609','CongNghePhanMem',3,4,NULL,107),('20110612','CongNghePhanMem',3,8,NULL,86),('20110613','CongNghePhanMem',3,4,NULL,120),('20110614','CongNghePhanMem',3,8,NULL,79),('20110615','CongNghePhanMem',3,4,NULL,119),('20110617','CongNghePhanMem',3,8,NULL,126),('20110618','CongNghePhanMem',3,4,NULL,60),('20110620','CongNghePhanMem',3,4,NULL,106),('20110622','HeThongThongTin',3,2,NULL,72),('20110623','CongNghePhanMem',3,4,NULL,NULL),('20110624','CongNghePhanMem',3,4,NULL,115),('20110625','CongNghePhanMem',3,7,NULL,NULL),('20110627','CongNghePhanMem',3,8,NULL,126),('20110628','HeThongThongTin',3,2,NULL,71),('20110629','CongNghePhanMem',3,4,NULL,115),('20110630','CongNghePhanMem',3,8,NULL,78),('20110632','CongNghePhanMem',3,8,NULL,78),('20110633','CongNghePhanMem',3,5,NULL,74),('20110634','CongNghePhanMem',3,8,NULL,125),('20110635','CongNghePhanMem',3,4,NULL,112),('20110639','CongNghePhanMem',3,8,NULL,124),('20110640','CongNghePhanMem',3,8,NULL,NULL),('20110641','CongNghePhanMem',3,4,NULL,113),('20110642','CongNghePhanMem',3,7,NULL,99),('20110643','CongNghePhanMem',3,7,NULL,NULL),('20110646','CongNghePhanMem',3,8,NULL,125),('20110647','CongNghePhanMem',3,8,NULL,86),('20110649','CongNghePhanMem',3,8,NULL,NULL),('20110650','CongNghePhanMem',3,7,NULL,76),('20110651','CongNghePhanMem',3,4,NULL,117),('20110652','CongNghePhanMem',3,7,NULL,93),('20110653','CongNghePhanMem',3,4,NULL,117),('20110655','CongNghePhanMem',3,8,NULL,NULL),('20110656','CongNghePhanMem',3,8,NULL,123),('20110657','CongNghePhanMem',3,4,NULL,104),('20110658','CongNghePhanMem',3,6,NULL,NULL),('20110660','CongNghePhanMem',3,7,NULL,96),('20110661','CongNghePhanMem',3,7,NULL,75),('20110662','CongNghePhanMem',3,6,NULL,83),('20110663','CongNghePhanMem',3,8,NULL,127),('20110664','CongNghePhanMem',3,4,NULL,108),('20110665','CongNghePhanMem',3,8,NULL,79),('20110666','CongNghePhanMem',3,8,NULL,77),('20110667','CongNghePhanMem',3,4,NULL,114),('20110669','CongNghePhanMem',3,4,NULL,118),('20110670','HeThongThongTin',3,1,NULL,NULL),('20110671','CongNghePhanMem',3,4,NULL,119),('20110672','CongNghePhanMem',3,8,NULL,130),('20110673','CongNghePhanMem',3,7,NULL,NULL),('20110674','CongNghePhanMem',3,8,NULL,123),('20110675','CongNghePhanMem',3,8,NULL,127),('20110676','CongNghePhanMem',3,7,NULL,91),('20110680','CongNghePhanMem',3,8,NULL,128),('20110683','CongNghePhanMem',3,7,NULL,98),('20110684','CongNghePhanMem',3,4,NULL,103),('20110685','CongNghePhanMem',3,8,NULL,124),('20110687','CongNghePhanMem',3,4,NULL,113),('20110688','CongNghePhanMem',3,4,NULL,101),('20110689','CongNghePhanMem',3,6,NULL,84),('20110690','CongNghePhanMem',3,7,NULL,95),('20110692','HeThongThongTin',3,1,NULL,67),('20110695','CongNghePhanMem',3,7,NULL,91),('20110696','HeThongThongTin',3,1,NULL,67),('20110697','CongNghePhanMem',3,4,NULL,112),('20110700','CongNghePhanMem',3,4,NULL,100),('20110701','CongNghePhanMem',3,7,NULL,95),('20110702','CongNghePhanMem',3,4,NULL,100),('20110704','HeThongThongTin',3,1,NULL,NULL),('20110705','CongNghePhanMem',3,6,NULL,80),('20110706','CongNghePhanMem',3,8,NULL,89),('20110707','CongNghePhanMem',3,5,NULL,74),('20110708','CongNghePhanMem',3,4,NULL,120),('20110709','CongNghePhanMem',3,4,NULL,101),('20110710','CongNghePhanMem',3,4,NULL,108),('20110711','CongNghePhanMem',3,7,NULL,93),('20110712','CongNghePhanMem',3,4,NULL,NULL),('20110713','CongNghePhanMem',3,4,NULL,105),('20110714','CongNghePhanMem',3,7,NULL,NULL),('20110715','HeThongThongTin',3,1,NULL,NULL),('20110716','CongNghePhanMem',3,4,NULL,122),('20110718','CongNghePhanMem',3,4,NULL,122),('20110719','CongNghePhanMem',3,4,NULL,106),('20110720','CongNghePhanMem',3,5,NULL,NULL),('20110722','CongNghePhanMem',3,4,NULL,103),('20110724','CongNghePhanMem',3,7,58,NULL),('20110725','CongNghePhanMem',3,4,NULL,102),('20110727','CongNghePhanMem',3,7,NULL,92),('20110728','CongNghePhanMem',3,6,57,82),('20110729','HeThongThongTin',3,2,NULL,73),('20110730','CongNghePhanMem',3,4,NULL,107),('20110732','CongNghePhanMem',3,7,57,NULL),('20110734','CongNghePhanMem',3,7,NULL,NULL),('20110736','CongNghePhanMem',3,4,NULL,121),('20110737','CongNghePhanMem',3,7,NULL,94),('20110738','CongNghePhanMem',3,8,NULL,85),('20110739','CongNghePhanMem',3,7,NULL,NULL),('20110740','CongNghePhanMem',3,8,NULL,130),('20110741','CongNghePhanMem',3,4,NULL,111),('20110743','CongNghePhanMem',3,4,NULL,110),('20110744','CongNghePhanMem',3,8,NULL,88),('20110746','CongNghePhanMem',3,7,NULL,NULL),('20110747','CongNghePhanMem',3,4,NULL,121),('20110748','CongNghePhanMem',3,4,NULL,111),('20110751','CongNghePhanMem',3,4,NULL,NULL),('20110752','CongNghePhanMem',3,4,NULL,118),('20110753','CongNghePhanMem',2,2,18,59),('20110754','CongNghePhanMem',3,7,NULL,98),('20110756','CongNghePhanMem',3,4,NULL,110),('20110999','AnToanThongTin',9,7,NULL,NULL),('20119316','CLC',3,16,NULL,NULL),('20119339','CLC',3,14,NULL,NULL),('20126087','CLC',3,15,NULL,NULL),('20133008','KyThuatDuLieu',3,2,NULL,NULL),('20142004','CLC',3,16,NULL,NULL),('20142498','CLC',3,18,NULL,NULL),('20142557','CLC',3,16,NULL,NULL),('20144428','CLC',3,18,NULL,NULL),('20145267','CLC',3,14,NULL,NULL),('20151592','CLC',3,15,NULL,NULL),('20161051','CLC',3,14,NULL,NULL),('20161332','CLC',3,14,NULL,NULL),('20161385','CLC',3,14,NULL,NULL),('20161388','CLC',3,15,NULL,NULL);
/*!40000 ALTER TABLE `student` ENABLE KEYS */;
UNLOCK TABLES;

--
-- Dumping data for table `student_class`
--

LOCK TABLES `student_class` WRITE;
/*!40000 ALTER TABLE `student_class` DISABLE KEYS */;
INSERT INTO `student_class` VALUES (1,'201101A',_binary '\0'),(2,'201102A',_binary ''),(3,'201103A',_binary '\0'),(4,'20110ST1',_binary ''),(5,'20110ST2',_binary ''),(6,'20110ST5',_binary '\0'),(7,'20110ST3',_binary '\0'),(8,'20110ST4',_binary '\0'),(9,'191101A',_binary '\0'),(10,'191102',_binary '\0'),(11,'191103',_binary '\0'),(12,'171101A',_binary '\0'),(13,'20110CLNW',_binary '\0'),(14,'20110CLST1',_binary '\0'),(15,'20110CLST2	',_binary '\0'),(16,'20110CLST3',_binary '\0'),(17,'20110CLST4',_binary '\0'),(18,'20110CLST5',_binary '\0'),(19,'19110CLST1',_binary '\0'),(20,'18110CLST1',_binary '\0');
/*!40000 ALTER TABLE `student_class` ENABLE KEYS */;
UNLOCK TABLES;

--
-- Dumping data for table `subject`
--

LOCK TABLES `subject` WRITE;
/*!40000 ALTER TABLE `subject` DISABLE KEYS */;
INSERT INTO `subject` VALUES (4,'èe','CongNghePhanMem','Task 2',NULL,NULL,_binary '','20110658',NULL,'Xây dựng app quản lý bệnh viện','2023-12-13','GV003','GV001',1,0,NULL,NULL,NULL),(6,'h','CongNghePhanMem','fdfef',NULL,NULL,_binary '',NULL,NULL,'Test','2023-12-13','GV003','GV002',1,0,NULL,NULL,NULL),(8,'không','CongNghePhanMem','không',NULL,NULL,_binary '',NULL,NULL,'Xây dựng app quản lý thời gian','2023-12-13','GV001','GV002',1,0,NULL,NULL,NULL),(9,'h','CongNghePhanMem','fdfef',NULL,NULL,_binary '',NULL,NULL,'Test','2023-12-13','GV003','GV001',1,0,NULL,NULL,NULL),(13,'khong','CongNghePhanMem','khong',NULL,NULL,_binary '',NULL,NULL,'Website hoc toeic','2024-01-02','GV001','linhle',1,0,NULL,NULL,NULL),(14,'Khong','CongNghePhanMem','Khong',NULL,NULL,_binary '',NULL,NULL,'Website QLDT','2024-01-02','GV001','GV006',1,0,NULL,NULL,NULL),(15,'Chưa có ','CongNghePhanMem','Chưa có',NULL,NULL,_binary '',NULL,NULL,'Xây dựng web tìm kiếm việc làm','2024-03-29','GV003','GV001',1,0,NULL,NULL,NULL),(17,'Chưa có','CongNghePhanMem','Chưa có',NULL,NULL,_binary '',NULL,NULL,'Xây dựng app quản lý tiệm cafe ','2024-03-29','GV001',NULL,1,0,NULL,NULL,NULL),(18,'Chưa có','CongNghePhanMem','Chưa có',NULL,NULL,_binary '','20110753','20110225','Xây dựng app quản lý tiệm cafe Hoa Hoa','2024-03-29','GV001','linhle',1,1,NULL,NULL,NULL),(19,'Chưa có','CongNghePhanMem','Chưa có',NULL,NULL,_binary '','20110222',NULL,'Xây dựng web đọc truyện trang thiếu nhi','2024-03-29','GV001',NULL,1,1,NULL,NULL,NULL),(20,'Chưa có','CongNghePhanMem','Chưa có',NULL,NULL,_binary '\0','20110223',NULL,'Xây dựng web đọc truyện trang thiếu nhi','2024-03-29','GV001',NULL,1,1,NULL,NULL,NULL),(21,'Chưa có','CongNghePhanMem','Chưa có',NULL,NULL,_binary '\0',NULL,'20110223','Xây dựng web đọc truyện tranh','2024-03-29','GV001',NULL,1,0,NULL,NULL,NULL),(57,NULL,'CongNghePhanMem',NULL,NULL,NULL,_binary '','20110732','20110728','website tự học tại nhà ','2024-03-31','2150','GV006',2,1,NULL,NULL,NULL),(58,NULL,'CongNghePhanMem',NULL,NULL,NULL,_binary '','20110724',NULL,'aaaaa','2024-03-31','6078','linhle',1,1,NULL,NULL,NULL),(59,NULL,NULL,NULL,NULL,NULL,_binary '',NULL,'20110753','Website quản lý đề tài khoa CNTT','2024-03-31','3952','132',2,1,NULL,NULL,NULL),(60,NULL,'CongNghePhanMem',NULL,NULL,NULL,_binary '','20110223','20110618','Website ôn thi TOEIC','2024-03-31','3952','132',2,1,NULL,NULL,NULL),(61,NULL,'CongNghePhanMem',NULL,NULL,NULL,_binary '','20110297','20110298','Website xem doremon','2024-03-31','3952','132',2,1,NULL,NULL,NULL),(62,NULL,'CongNghePhanMem',NULL,NULL,NULL,_binary '','20110300','20110301','Website bán bánh tráng trộn','2024-03-31','3952','132',2,1,NULL,NULL,'20110306'),(63,NULL,'HeThongThongTin',NULL,NULL,NULL,_binary '','19110496',NULL,'Xây dựng website bán sách trực tuyến','2024-03-31','9732','3995',1,1,NULL,NULL,NULL),(64,NULL,'HeThongThongTin',NULL,NULL,NULL,_binary '','20110269',NULL,'xây dựng website bán hàng hóa trực tuyến bằng springboot','2024-03-31','9732','3995',1,1,NULL,NULL,NULL),(65,NULL,'CongNghePhanMem',NULL,NULL,NULL,_binary '','20110261',NULL,'Xây dựng hệ thống websites cung cấp dịch vụ quản lý học tập của cơ sở đào tạo trực tuyến','2024-03-31','1352','2149',2,1,NULL,NULL,NULL),(66,NULL,'HeThongThongTin',NULL,NULL,NULL,_binary '','19110418','19110382','Xây dựng website quản lý nhân sự tại công ty cổ phần Vùng trời thông tin dùng công nghệ MERN Stack','2024-03-31','6252','2149',2,1,NULL,NULL,NULL),(67,NULL,'HeThongThongTin',NULL,NULL,NULL,_binary '','20110692','20110696','Xây dựng hệ thống websites hỗ trợ cơ sở cung cấp dịch vụ tuyển dụng','2024-03-31','1352','2149',2,1,NULL,NULL,NULL),(68,NULL,'HeThongThongTin',NULL,NULL,NULL,_binary '','19110393','19110412','Xây dựng và phát triển website bán giày','2024-03-31','3995','2149',2,1,NULL,NULL,NULL),(69,NULL,'HeThongThongTin',NULL,NULL,NULL,_binary '','19110333','19110369','Xây dựng website mạng xã hội','2024-03-31','3995','2149',2,1,NULL,NULL,NULL),(70,NULL,'HeThongThongTin',NULL,NULL,NULL,_binary '','19110389',NULL,'Xây dựng hệ thống gợi ý mua bán đồ nội thất','2024-03-31','3995','2149',2,1,NULL,NULL,NULL),(71,NULL,'HeThongThongTin',NULL,NULL,NULL,_binary '','20110628',NULL,'Xây dựng hệ thống trả lời câu hỏi dựa trên mô hình ngôn ngữ lớn','2024-03-31','0309','3995',2,1,NULL,NULL,NULL),(72,NULL,'HeThongThongTin',NULL,NULL,NULL,_binary '','20110622','20110220','Xây dựng hệ thống giao hàng trực tuyến sử dụng cơ chế lưu trữ của blockchain','2024-03-31','0309','3995',2,1,NULL,NULL,NULL),(73,NULL,'HeThongThongTin',NULL,NULL,NULL,_binary '','20110729',NULL,'Xây dựng website bán lẻ sử dụng Angular và .NET Core','2024-03-31','0309','3995',2,1,NULL,NULL,NULL),(74,NULL,'CongNghePhanMem',NULL,NULL,NULL,_binary '','20110707','20110633',' Xây dựng diễn đàn Tư vấn sinh viên với Spring Boot và ReactJS','2024-03-31','9732','9513',2,1,NULL,NULL,NULL),(75,NULL,'CongNghePhanMem',NULL,NULL,NULL,_binary '','20110237','20110661','Xây dựng website quản lý công việc sử dụng MERN STACK','2024-03-31','9732','9513',2,1,NULL,NULL,NULL),(76,NULL,'CongNghePhanMem',NULL,NULL,NULL,_binary '','20110281','20110650','Xây dựng hệ thống mạng xã hội nội bộ UTEALO sử dụng kiến trúc Microservice','2024-03-31','9732','9513',2,1,NULL,NULL,NULL),(77,NULL,'CongNghePhanMem',NULL,NULL,NULL,_binary '','20110666',NULL,'Xây dựng app mua bán thú cưng','2024-03-31','5030','0562',2,1,NULL,NULL,NULL),(78,NULL,'CongNghePhanMem',NULL,NULL,NULL,_binary '','20110630','20110632','Xây dựng website bán giày','2024-03-31','5030','0562',2,1,NULL,NULL,NULL),(79,NULL,'CongNghePhanMem',NULL,NULL,NULL,_binary '','20110665','20110614','XÂY DỰNG WEBSITE MẠNG XÃ HỘI \nHỌC TẬP STEM','2024-03-31','5030','0562',2,1,NULL,NULL,NULL),(80,NULL,'CongNghePhanMem',NULL,NULL,NULL,_binary '','20110233','20110705','Xây dựng website quản lý tuyển dụng','2024-03-31','3952','132',2,1,NULL,NULL,NULL),(81,NULL,NULL,NULL,NULL,NULL,_binary '',NULL,NULL,'Xây dựng website mạng xã hội giống như Facebook','2024-03-31','0024','2150',2,1,NULL,NULL,NULL),(82,NULL,'CongNghePhanMem',NULL,NULL,NULL,_binary '','20110202','20110728','Xây dựng website bán khóa học online','2024-03-31','0024','2150',2,1,NULL,NULL,NULL),(83,NULL,'CongNghePhanMem',NULL,NULL,NULL,_binary '','20110662','20110299','Xây dựng ứng dụng giao hàng Smart Express','2024-03-31',NULL,'3952',2,1,NULL,NULL,NULL),(84,NULL,'CongNghePhanMem',NULL,NULL,NULL,_binary '','20110689','20110323','Xây dựng ứng dụng đặt xe ALL-WIN','2024-03-31',NULL,'3952',2,1,NULL,NULL,NULL),(85,NULL,'CongNghePhanMem',NULL,NULL,NULL,_binary '','20110172','20110738','Xây dựng hệ thống cộng đồng chia sẻ lộ trình học AI JOURNEY','2024-03-31',NULL,'5030',2,1,NULL,NULL,NULL),(86,NULL,'CongNghePhanMem',NULL,NULL,NULL,_binary '','20110647','20110612','Xây dựng website tổ chức giải chạy bộ online','2024-03-31',NULL,'5030',2,1,NULL,NULL,NULL),(87,NULL,'CongNghePhanMem',NULL,NULL,NULL,_binary '','20110262','20110244','Xây dựng website hỗ trợ thiết kế nội thất','2024-03-31',NULL,'5030',2,1,NULL,NULL,NULL),(88,NULL,'CongNghePhanMem',NULL,NULL,NULL,_binary '','20110744','20110169','Xây dựng hệ thống quản lý công ty','2024-03-31',NULL,'5030',2,1,NULL,NULL,NULL),(89,NULL,'CongNghePhanMem',NULL,NULL,NULL,_binary '','20110706','20110197','Xây dựng hệ thống dịch vụ thú cưng Purr Pet Shop','2024-03-31',NULL,'5030',2,1,NULL,NULL,NULL),(90,NULL,'CongNghePhanMem',NULL,NULL,NULL,_binary '','20110160','20110201','Xây dựng hệ thống Website Tuyển dụng trực tuyến QWork','2024-03-31',NULL,'5030',2,1,NULL,NULL,NULL),(91,NULL,'CongNghePhanMem',NULL,NULL,NULL,_binary '','20110695','20110676','Xây dựng hệ thống HealthLine cung cấp các dịch vụ chăm sóc sức khoẻ từ xa','2024-03-31',NULL,'5030',2,1,NULL,NULL,NULL),(92,NULL,'CongNghePhanMem',NULL,NULL,NULL,_binary '','20110144','20110727','Xây dựng Website kinh doanh sản phẩm thời trang (Spring Boot, NextJs)','2024-03-31','2150','0133',2,1,NULL,NULL,NULL),(93,NULL,'CongNghePhanMem',NULL,NULL,NULL,_binary '','20110652','20110711','Xây dựng Website bán sách (Spring Boot, React)','2024-03-31','2150',NULL,2,1,NULL,NULL,NULL),(94,NULL,'CongNghePhanMem',NULL,NULL,NULL,_binary '','20110737','20110322','Xây dựng website quản lý trường trung học phổ thông (.NET, Angular)','2024-03-31','2150',NULL,2,1,NULL,NULL,NULL),(95,NULL,'CongNghePhanMem',NULL,NULL,NULL,_binary '','20110690','20110701','Xây dựng website mua bán khoá học online (React, Nodejs, Expressjs, MySQL)','2024-03-31','2150',NULL,2,1,NULL,NULL,NULL),(96,NULL,'CongNghePhanMem',NULL,NULL,NULL,_binary '','20110221','20110660','Xây dựng website quản lý công việc (React, Golang)','2024-03-31','2150',NULL,2,1,NULL,NULL,NULL),(97,NULL,'CongNghePhanMem',NULL,NULL,NULL,_binary '','20110276','20110224','Xây dựng website quản lý khóa học tiếng Anh, sử dụng công nghệ .NET, React, Azure và Kubernetes','2024-03-31','2150',NULL,2,1,NULL,NULL,NULL),(98,NULL,'CongNghePhanMem',NULL,NULL,NULL,_binary '','20110754','20110683','XÂY DỰNG WEBSITE TUYỂN DỤNG CHO CÔNG TY (MERN Stack)','2024-03-31','2150',NULL,2,1,NULL,NULL,NULL),(99,NULL,'CongNghePhanMem',NULL,NULL,NULL,_binary '','20110642','20110280','Xây dựng website đặt phòng trực tuyến','2024-03-31','3952','132',2,1,NULL,NULL,NULL),(100,NULL,'CongNghePhanMem',NULL,NULL,NULL,_binary '','20110700','20110702','Xây dựng hệ thống ứng dụng đặt xe và đặt đồ ăn trực truyến','2024-03-31','0133',NULL,2,1,NULL,NULL,NULL),(101,NULL,'CongNghePhanMem',NULL,NULL,NULL,_binary '','20110688','20110709','Xây dựng website bán mỹ phẩm sử dụng Node JS và React JS','2024-03-31','0133',NULL,2,1,NULL,NULL,NULL),(102,NULL,'CongNghePhanMem',NULL,NULL,NULL,_binary '','20110725','20110277','Xây dựng trang website bán giày sử dụng Spring boot và React JS.','2024-03-31','0133',NULL,2,1,NULL,NULL,NULL),(103,NULL,'CongNghePhanMem',NULL,NULL,NULL,_binary '','20110722','20110684','Xây dựng hệ thống quản lý đặt vé cho chuỗi rạp phim','2024-03-31','0133',NULL,2,1,NULL,NULL,NULL),(104,NULL,'CongNghePhanMem',NULL,NULL,NULL,_binary '','20110657','20110256','Xây dựng website kinh doanh quần áo','2024-03-31','0133',NULL,2,1,NULL,NULL,NULL),(105,NULL,'CongNghePhanMem',NULL,NULL,NULL,_binary '','20110713',NULL,'Xây dựng website kinh doanh sản phẩm xanh','2024-03-31','0133',NULL,2,1,NULL,NULL,NULL),(106,NULL,'CongNghePhanMem',NULL,NULL,NULL,_binary '','20110719','20110620','Xây dựng hệ thống website quản lý đặt vé xe khách sử dụng React JS và ASP.NET','2024-03-31','0133',NULL,2,1,NULL,NULL,NULL),(107,NULL,'CongNghePhanMem',NULL,NULL,NULL,_binary '','20110730','20110609','Xây dựng hệ thống kinh doanh sách trực tuyến','2024-03-31','0133',NULL,2,1,NULL,NULL,NULL),(108,NULL,'CongNghePhanMem',NULL,NULL,NULL,_binary '','20110710','20110664','Xây dựng website kết hợp nền tảng bán sách và diễn đàn trao đổi thông tin','2024-03-31','0133',NULL,2,1,NULL,NULL,NULL),(109,NULL,NULL,NULL,NULL,NULL,_binary '',NULL,NULL,'Xây dựng website luyện thi TOIEC','2024-03-31','3952','132',2,1,NULL,NULL,NULL),(110,NULL,'CongNghePhanMem',NULL,NULL,NULL,_binary '','20110756','20110743','Xây dựng website luyện thi tiếng anh','2024-03-31','3952','132',2,1,NULL,NULL,NULL),(111,NULL,'CongNghePhanMem',NULL,NULL,NULL,_binary '','20110741','20110179','Xây dựng hệ thống quản lý bệnh viện','2024-03-31',NULL,'3952',2,1,NULL,NULL,'20110748'),(112,NULL,'CongNghePhanMem',NULL,NULL,NULL,_binary '','20110635','20110697','Xây dựng hệ thống hỗ trợ người dùng mua bán cafe','2024-03-31','3995','132',2,1,NULL,NULL,NULL),(113,NULL,'CongNghePhanMem',NULL,NULL,NULL,_binary '','20110641','20110687','Xây dựng website học tiếng Anh trực tuyến sử dụng React.Js, Java Springboot, Firebase','2024-03-31','132','3952',2,1,NULL,NULL,NULL),(114,NULL,NULL,NULL,NULL,NULL,_binary '',NULL,'20110667','Xây dựng website mạng xã hội','2024-03-31','132','3952',2,1,NULL,NULL,NULL),(115,NULL,'CongNghePhanMem',NULL,NULL,NULL,_binary '','20110629','20110624','Xây dựng website cửa hàng thú cưng trực tuyến ','2024-03-31','132','3952',2,1,NULL,NULL,NULL),(116,NULL,'CongNghePhanMem',NULL,NULL,NULL,_binary '','20110305',NULL,'Xây dựng ứng dụng thắc mắc học tập ','2024-03-31','132','3952',2,1,NULL,NULL,NULL),(117,NULL,'CongNghePhanMem',NULL,NULL,NULL,_binary '','20110651','20110653','Xây dựng website thương mại điện tử bán giày sử dụng ReactJS','2024-03-31','132','3952',2,1,NULL,NULL,NULL),(118,NULL,'CongNghePhanMem',NULL,NULL,NULL,_binary '','20110669','20110752',' Xây dựng website bán linh kiện điện tử TechWave','2024-03-31','132','3952',2,1,NULL,NULL,NULL),(119,NULL,'CongNghePhanMem',NULL,NULL,NULL,_binary '','20110671','20110615',' Xây dựng website bán hàng nội thất','2024-03-31','132','3952',2,1,NULL,NULL,NULL),(120,NULL,'CongNghePhanMem',NULL,NULL,NULL,_binary '','20110613','20110708','Xây dựng Website đọc truyện tranh online','2024-03-31','132','3952',2,1,NULL,NULL,NULL),(121,NULL,'CongNghePhanMem',NULL,NULL,NULL,_binary '','20110736','20110747','Ứng dụng giáo dục mầm non','2024-03-31','132','3952',2,1,NULL,NULL,NULL),(122,NULL,'CongNghePhanMem',NULL,NULL,NULL,_binary '','20110716','20110718','Xây dựng hệ thống gợi ý sản phẩm công nghệ cho người dùng','2024-03-31','3995','132',2,1,NULL,NULL,NULL),(123,NULL,'CongNghePhanMem',NULL,NULL,NULL,_binary '','20110656','20110674','Xây dựng website bán hàng','2024-03-31',NULL,'0133',2,1,NULL,NULL,NULL),(124,NULL,'CongNghePhanMem',NULL,NULL,NULL,_binary '','20110639','20110685','Website bán vé xem phim trực tuyến','2024-03-31','6078','0133',2,1,NULL,NULL,NULL),(125,NULL,'CongNghePhanMem',NULL,NULL,NULL,_binary '','20110646','20110634','Website Kinh Doanh Thời Trang','2024-03-31','6078','0133',2,1,NULL,NULL,NULL),(126,NULL,'CongNghePhanMem',NULL,NULL,NULL,_binary '','20110627','20110617','Website hỗ trợ giám sát các kỳ thi kiếm tra trong học kỳ','2024-03-31','2150','3952',2,1,NULL,NULL,NULL),(127,NULL,'CongNghePhanMem',NULL,NULL,NULL,_binary '','20110675','20110663','Xây dựng mạng xã hội hình ảnh, video','2024-03-31',NULL,'2150',2,1,NULL,NULL,NULL),(128,NULL,'CongNghePhanMem',NULL,NULL,NULL,_binary '','20110680',NULL,'Xây dựng website mạng xã hội sử dụng công nghệ VueJS và Spring Boot','2024-03-31',NULL,'2150',2,1,NULL,NULL,NULL),(129,NULL,'CongNghePhanMem',NULL,NULL,NULL,_binary '','20110266','20110258','Xây dựng website mua bán và trao đổi đồ cũ','2024-03-31',NULL,'2150',2,1,NULL,NULL,NULL),(130,NULL,'CongNghePhanMem',NULL,NULL,NULL,_binary '','20110672','20110740','Xây dựng website mạng xã hội thu nhỏ','2024-03-31',NULL,'2150',2,1,NULL,NULL,NULL),(131,NULL,'AnToanThongTin',NULL,NULL,NULL,_binary '','20110558','20110533','Xây dựng công cụ quét và phát hiện các lỗ hổng bảo mật trong ứng dụng web','2024-03-31',NULL,NULL,2,1,NULL,NULL,NULL),(132,NULL,'AnToanThongTin',NULL,NULL,NULL,_binary '','20110601',NULL,'Nghiên cứu và xây dựng hệ thống SOC (Security Operation Center)','2024-03-31',NULL,NULL,2,1,NULL,NULL,NULL),(133,NULL,'AnToanThongTin',NULL,NULL,NULL,_binary '','19110192',NULL,'Hoàn thiện thiết kế hệ thống mạng cho doanh nghiệp ','2024-03-31',NULL,NULL,2,1,NULL,NULL,NULL);
/*!40000 ALTER TABLE `subject` ENABLE KEYS */;
UNLOCK TABLES;

--
-- Dumping data for table `task`
--

LOCK TABLES `task` WRITE;
/*!40000 ALTER TABLE `task` DISABLE KEYS */;
INSERT INTO `task` VALUES (1,'KPI 1','2024-03-12 00:00:00','2024-01-12 00:00:00','20110753','GV001',18,'20110753','MustDo'),(2,'KPI 2','2024-03-12 00:00:00','2024-01-12 00:00:00','20110753','GV001',18,'20110753','MustDo'),(3,'KPI 3','2024-03-12 00:00:00','2024-01-12 00:00:00','20110753','GV001',18,'20110753','MustDo'),(4,'Liên hệ thực tế','2024-08-12 00:00:00','2024-01-12 00:00:00','20110315','GV003',4,'20110658','Doing'),(5,'Khảo sát thực tế đề tài - 2','2024-03-12 00:00:00','2024-01-12 00:00:00','20110753','GV001',18,'20110753','Doing'),(6,'triển khai dự án ','2024-08-12 00:00:00','2024-01-12 00:00:00','20110315','GV003',4,'20110658','Closed');
/*!40000 ALTER TABLE `task` ENABLE KEYS */;
UNLOCK TABLES;

--
-- Dumping data for table `type_subject`
--

LOCK TABLES `type_subject` WRITE;
/*!40000 ALTER TABLE `type_subject` DISABLE KEYS */;
INSERT INTO `type_subject` VALUES (1,'Tiểu luận chuyên ngành'),(2,'Khóa luận tốt nghiệp');
/*!40000 ALTER TABLE `type_subject` ENABLE KEYS */;
UNLOCK TABLES;
/*!40103 SET TIME_ZONE=@OLD_TIME_ZONE */;

/*!40101 SET SQL_MODE=@OLD_SQL_MODE */;
/*!40014 SET FOREIGN_KEY_CHECKS=@OLD_FOREIGN_KEY_CHECKS */;
/*!40014 SET UNIQUE_CHECKS=@OLD_UNIQUE_CHECKS */;
/*!40101 SET CHARACTER_SET_CLIENT=@OLD_CHARACTER_SET_CLIENT */;
/*!40101 SET CHARACTER_SET_RESULTS=@OLD_CHARACTER_SET_RESULTS */;
/*!40101 SET COLLATION_CONNECTION=@OLD_COLLATION_CONNECTION */;
/*!40111 SET SQL_NOTES=@OLD_SQL_NOTES */;

-- Dump completed on 2024-04-06 11:46:18
